id,domain,status,purchase_price,renewal_price,attractiveness,demand,length,registrar,created_at,expires_at,status_verified_at
4cc01f3c-33d4-4be9-a5e5-34610df0e9d0,beaten.work,available,2.98,17.98,medium,low,6,namecheap,,,09/08/2026 05:47
605f4dd3-6df7-41ee-b213-381fc5712d16,dancing.work,premium,1107,11.8,high,low,7,namesilo,,,25/09/2026 04:44
f1226cf9-c11a-40fa-8f4c-46215a5ed725,blackseed.work,available,2.99,12.99,medium,low,9,namesilo,,,24/09/2026 03:00
3d582a53-458d-4bf5-8c2d-dfe7c6645421,bitten.work,available,1.75,10.58,low,low,6,spaceship,,,29/09/2026 10:18
6dedf3d9-870a-4eba-9cc0-cb21c1fd7c64,pitching.work,available,10.2,10.2,high,low,8,cloudflare,,,30/09/2026 06:51
dd571e2b-46cf-48c1-9443-764c57eaa82f,icebound.work,available,2.98,17.98,medium,low,8,namecheap,,,21/08/2026 17:43
15482cab-7a63-49af-b33d-0aa379139adf,capturing.work,available,1.75,10.58,medium,low,9,spaceship,,,29/09/2026 16:31
04bb7eaa-fad3-4a65-8680-44516ed402c5,bank.work,resell,,,high,medium,4,Dynadot Inc,30/04/2021 08:19,30/04/2027 08:19,29/09/2026 01:00
1cbc2a31-43e4-42fe-b340-055008e24d71,heroine.work,available,2.99,12.99,high,low,7,namesilo,,,29/09/2026 07:16
efdfe4d1-0c61-4b39-9381-30e1b9b97587,smartness.work,available,2.98,17.98,high,low,9,namecheap,,,12/08/2026 04:49
7cf91fed-d65e-4478-8fab-57d7a04d015a,lacerate.work,available,2.98,17.98,medium,low,8,namecheap,,,22/08/2026 17:51
43787786-b351-444f-b02d-99f1a92db5c7,reichstag.work,available,2.98,17.98,medium,low,9,namecheap,,,28/09/2026 16:30
2f82b6dc-910c-4314-b935-e469bf79f239,alarmingly.work,available,2.98,17.98,low,low,10,namecheap,,,13/09/2026 18:33
e9a1ea0c-39a1-44dd-8066-d5d1b5e53892,paean.work,available,2.98,17.98,high,low,5,namecheap,,,05/09/2026 00:45
a7b76dff-da21-4fdd-96ea-4081559db59b,bruised.work,available,14,,medium,low,7,unstoppable,,,30/09/2026 23:32
41f87d8a-f278-4186-966e-741e015ebcc3,owns.work,premium,224,11.8,medium,low,4,namesilo,,,18/09/2026 16:37
2a02871f-f6ce-4992-b426-4c241ccf7586,restructure.work,available,2.99,12.99,high,low,11,namesilo,,,01/10/2026 23:46
600b6359-12f4-4283-9b10-4f96b07c04aa,freaking.work,available,14,12.99,medium,low,8,unstoppable,,,01/10/2026 05:49
fe1ffdca-898d-4c87-a904-401c3fa3d1fd,background.work,resell,,,high,low,10,UM Domains Pte. Ltd.,09/03/2026 00:01,09/03/2027 00:01,29/09/2026 00:20
2b6ab399-cdb1-4ca4-8d32-4456d3ff96ef,cocktails.work,premium,51.95,10.55,medium,low,9,spaceship,,,30/09/2026 14:46
637a1520-1f95-43a2-bffb-b0c82f4795ff,kindergarten.work,available,2.99,12.99,high,low,12,namesilo,,,29/09/2026 05:20
5257107b-613b-49cf-8588-36de7b685ee0,natasha.work,premium,103.7,10.55,medium,low,7,spaceship,,,28/09/2026 11:59
84f5f59d-e7c8-4064-8b77-03fcc9f5d670,federico.work,available,2.99,12.99,medium,low,8,namesilo,,,28/09/2026 07:57
f3c1f87a-62fe-44bb-a829-6c0d361f6526,uncontrolled.work,available,2.99,12.99,medium,low,12,namesilo,,,01/10/2026 22:34
2cf06810-e818-4063-a7c2-2839833bb0d8,rationalism.work,available,2.98,17.98,high,low,11,namecheap,,,30/09/2026 05:54
13cd8f8f-6365-4961-84d0-98c179217498,arbor.work,premium,302.5,11.8,high,low,5,namesilo,,,20/09/2026 00:48
49ccf738-0a95-4fa1-a64b-054eeb754daf,doubts.work,available,2.99,12.99,low,low,6,namesilo,,,28/09/2026 04:45
95d60735-4145-4645-875b-5aaca62c65db,baton.work,premium,3250,13,high,low,5,namecheap,,,22/09/2026 14:13
4f39df20-aa6a-44fc-af9c-3322c8a4bad4,amount.work,premium,1000.5,13,high,low,6,unstoppable,,,29/09/2026 07:57
49a3de05-af5c-489c-b782-3897929f066c,amnic.work,available,2.98,17.98,medium,low,5,namecheap,,,
a8e78da9-300c-4376-b97c-1bcc7685e7a3,recounts.work,available,14,,medium,low,8,unstoppable,,,30/09/2026 16:23
54b77b53-a718-41d7-8a36-b33d815521e6,downing.work,premium,116,11.8,medium,low,7,namesilo,,,19/09/2026 04:46
68a73e77-0b0f-4828-9e1c-df0839009b6b,shutting.work,available,2.98,17.98,medium,low,8,namecheap,,,12/08/2026 12:22
f30d3d4a-06ae-4a0c-84ff-a480256484e3,mbta.work,available,1.75,10.58,medium,low,4,spaceship,,,02/10/2026 00:06
94c758a4-2e16-4842-b363-321cb6b5e062,whitefish.work,premium,29.5,11.8,medium,low,10,namesilo,,,
9221fb5d-49e7-48d5-b3de-a02bc08e2718,many.work,premium,312.5,16.99,high,low,4,name.com,,,25/09/2026 16:43
6a84bff0-8840-45a0-913c-2dbd02483676,brooding.work,available,2.98,17.98,medium,low,8,namecheap,,,11/08/2026 05:52
03c53371-08bf-4e95-8b2d-36daef9bbd55,aigina.work,available,2.99,12.99,medium,low,6,namesilo,,,17/09/2026 12:15
40ee86d5-5980-40be-85bb-6164a6fc3dee,scattering.work,available,2.99,12.99,high,low,10,namesilo,,,24/09/2026 22:59
2ac4eb32-a04d-439f-8ec4-76fcc6fc2415,biogeny.work,available,2.98,17.98,medium,low,7,namecheap,,,23/09/2026 18:05
7329b186-46d3-4b37-9807-dd0e75c6e969,wilkie.work,available,1.75,10.58,medium,low,6,spaceship,,,30/09/2026 14:48
b68a76f9-e03d-4276-9149-a695b85dcb6c,accommodating.work,available,14,,medium,low,13,unstoppable,,,30/09/2026 19:15
6a61c8c6-2597-42e5-8738-053b8656482a,degage.work,available,2.98,17.98,low,low,6,namecheap,,,13/08/2026 23:57
a9002fcf-4dfe-4e05-b857-536c4a14c70e,worldling.work,available,2.98,17.98,medium,low,9,namecheap,,,11/09/2026 10:47
2f723cc6-24fc-4535-a9a1-c32367c6e383,imbalance.work,premium,53.92,11.8,medium,low,9,namesilo,,,20/09/2026 18:40
453dbdf0-0a81-4580-a930-c3912c75719d,basinet.work,available,2.99,12.99,medium,low,7,namesilo,,,22/09/2026 10:57
f7db13a5-f8ed-4c7b-a314-d83dde2c1314,louche.work,available,2.98,17.98,medium,low,6,namecheap,,,24/08/2026 10:02
2a4433ca-e824-4b77-8d18-a577f8405d73,architect.work,premium,6900,11.8,high,low,9,namesilo,,,20/09/2026 02:11
4a936e8a-bc9d-4236-b17b-4c277ad11d1d,sportsperson.work,available,2.99,12.99,high,low,12,namesilo,,,16/09/2026 08:58
a39427cb-2126-449c-97df-bf73686aec25,backband.work,available,2.98,17.98,medium,low,8,namecheap,,,21/09/2026 14:57
b4c36dc5-1aa0-4850-8a05-67cfc6e13dce,accipiter.work,available,2.99,12.99,medium,low,9,namesilo,,,16/09/2026 22:29
ee9665c9-7a78-424b-8a3e-1878bf08bd1a,auburn.work,premium,29.5,11.8,high,low,6,namesilo,,,22/09/2026 12:02
d5fa408a-773d-4396-bddb-801fab295284,transcripts.work,premium,27.5,10.92,medium,low,11,dynadot,,,30/09/2026 16:19
c171b63e-bebb-4a61-8dc9-77368dd426e8,lists.work,premium,53.92,11.8,medium,low,5,namesilo,,,17/09/2026 08:32
a2773eff-f3f4-4bd6-a5b7-09bf7d40427a,dismissive.work,available,2.98,17.98,medium,low,10,namecheap,,,14/08/2026 11:49
aebf5d8a-3a51-4d94-bdc7-3c8a072270a1,silvervine.work,available,2.99,12.99,low,low,10,namesilo,,,17/09/2026 04:49
78c101b2-8937-4f96-a716-fc46446e2233,versed.work,available,2.98,17.98,high,low,6,namecheap,,,13/09/2026 04:29
88695e79-b5c3-4552-972a-d7231580af86,mamluk.work,available,2.99,12.99,medium,low,6,namesilo,,,01/10/2026 06:56
5c9766b6-7ead-4ab6-82fb-1cabef4a5af2,physician.work,premium,960,11.8,high,low,9,namesilo,,,24/09/2026 23:20
cb8d20eb-96fe-4c45-932e-bd4cb5bea111,bubonic.work,available,2.98,17.98,medium,low,7,namecheap,,,11/08/2026 07:26
6cb1ea86-2506-44b4-b490-436c710a5648,barbarian.work,available,2.98,17.98,medium,low,9,namecheap,,,08/08/2026 15:26
93ce9711-70e7-4dd3-9002-fce1d6d14822,tuning.work,available,2.99,12.99,high,low,6,namesilo,,,29/09/2026 08:16
348cfe35-4914-4cd1-882b-fadf59ff625c,narrowing.work,available,2.98,17.98,high,low,9,namecheap,,,12/08/2026 23:00
3412dfb8-3c33-42b2-8193-f157845e1295,passee.work,available,2.98,17.98,medium,low,6,namecheap,,,14/08/2026 01:19
75529cfa-a994-4ecf-924d-e0ba82391592,reprint.work,premium,53.92,11.8,high,low,7,namesilo,,,10/09/2026 04:03
b027f9d7-73b1-4433-b869-ec9142287dfd,unisexual.work,available,2.98,17.98,medium,low,9,namecheap,,,12/09/2026 13:54
81ed4dbb-a60e-4292-aad7-4f50cd0ef1c2,shielding.work,available,14,,medium,low,9,unstoppable,,,30/09/2026 11:01
94f6a413-01a3-4097-a057-6d76eb0b891a,franconia.work,available,10.92,10.92,medium,low,9,dynadot,,,30/09/2026 13:25
a6cf4e86-a6df-423c-8281-2ad3fd9cec33,swore.work,available,2.99,12.99,medium,low,5,namesilo,,,28/09/2026 04:28
4e8d878c-67d2-4f6e-b5fa-088d1bc66749,yellowcake.work,available,2.99,,medium,low,11,name.com,,,
be5182db-c303-4ad0-b760-e67b297b3298,eucharistic.work,available,10.92,10.92,medium,low,11,dynadot,,,30/09/2026 11:39
9442699e-34bb-4a03-8ca6-7d89a5e0cac9,hyalin.work,available,2.98,17.98,medium,low,6,namecheap,,,21/08/2026 16:10
29c74d2e-9dbe-4c4c-8bec-1630ce3c54dd,tipple.work,available,2.99,12.99,medium,low,6,namesilo,,,23/09/2026 12:44
d0ce5f44-b2f3-418b-a999-65c70e468890,brow.work,premium,50.5,,medium,low,4,unstoppable,,,29/09/2026 04:36
509026a6-9062-400e-8031-ceb3ccc60e7a,lover.work,premium,3250,13,high,low,5,namecheap,,,23/09/2026 10:15
3f611459-6476-440d-9cc8-074a82355c1a,extremely.work,available,2.99,12.99,medium,low,9,namesilo,,,27/09/2026 02:51
b43278ef-f3fd-4048-b68b-5a442d34f9c0,contest.work,resell,,,high,low,7,"Spaceship, Inc.",14/04/2026 15:44,14/04/2027 15:44,29/09/2026 11:25
945a4269-6b0d-46a9-afb6-6e91c80e3b72,aiken.work,resell,,,high,low,5,"Spaceship, Inc.",22/07/2026 20:11,22/07/2027 20:11,26/09/2026 01:27
0acfcc77-c2e7-47d4-887f-9a38540e270d,circus.work,resell,,,high,low,6,Porkbun,17/07/2023 08:26,17/07/2027 08:26,29/09/2026 09:23
d58f946a-7610-4a77-8454-a1c35d1a5ce3,clannish.work,available,2.98,17.98,medium,low,8,namecheap,,,12/08/2026 09:35
549d3b43-e418-47ce-bea2-d41d1acf17ba,difference.work,resell,,,high,low,10,"Spaceship, Inc.",08/07/2026 19:20,08/07/2027 19:20,29/09/2026 14:33
0f0fecf6-496c-42c5-bb75-b0cdf23b0c18,trussed.work,available,2.98,17.98,medium,low,7,namecheap,,,11/09/2026 15:47
93dc905a-d4c7-4449-9d4b-941912c96909,chips.work,premium,192.5,10.92,high,low,5,dynadot,,,29/09/2026 08:44
ea51fdfb-385c-4a6b-8704-3bbcbedd88c5,littler.work,available,2.98,17.98,medium,low,7,namecheap,,,24/08/2026 07:33
ab48950c-cfde-4f1a-8576-0e1ab62e9492,newsgroup.work,available,2.98,17.98,medium,low,9,namecheap,,,01/10/2026 22:38
ef680b30-825f-4951-a6b7-ccf17ab4e635,donate.work,premium,,,high,low,6,,,,28/09/2026 20:51
9d813c52-9659-4e25-a756-ea415edcab39,spue.work,available,2.98,17.98,high,medium,4,namecheap,,,10/09/2026 07:40
d7bd1058-f20c-4614-958d-de4a8b21b85d,edacious.work,available,2.98,17.98,medium,low,8,namecheap,,,15/08/2026 05:24
946d4d4c-124b-43f4-9867-e72644644ab2,cpp.work,premium,41.6,41.6,high,low,3,spaceship,,,01/10/2026 12:13
6adf2b48-df93-4398-9739-f4a849b9c063,meekly.work,available,2.98,17.98,medium,low,6,namecheap,,,15/09/2026 01:24
a091f6fd-7a58-48a7-bdc8-126b23189429,conceive.work,available,14,,high,low,8,unstoppable,,,29/09/2026 14:04
b347c909-2f41-4ff3-9d8c-cc0c85638115,midterm.work,available,14,,high,low,7,unstoppable,,,01/10/2026 20:32
f188ba66-3353-435b-9648-f134df2205a7,quaintly.work,available,2.98,17.98,medium,low,8,namecheap,,,15/09/2026 22:07
7da76038-31ff-4f6e-b8b6-0018866da14f,dehydration.work,available,2.06,10.81,medium,low,11,porkbun,,,30/09/2026 23:19
ff5299e8-0c63-4efe-8b8c-85f211f48b7e,provoking.work,available,2.98,17.98,high,low,9,namecheap,,,
8c1e33ba-d1c5-4ae5-b561-369176d5a014,buick.work,available,10.2,10.2,high,low,5,cloudflare,,,30/09/2026 12:46
fad649f7-f724-477d-b768-8d4bd93422e1,bethesda.work,premium,26.08,10.55,high,low,8,spaceship,,,01/10/2026 23:20
d593194c-c148-4e00-9476-095157b8dcaf,indexical.work,available,2.98,17.98,medium,low,9,namecheap,,,22/08/2026 02:53
74b5bb59-7d23-42ac-8037-f22fedfe1927,trailers.work,available,2.99,12.99,medium,low,8,namesilo,,,19/09/2026 01:06
5af788aa-079f-4820-9946-61ded47e4428,anemone.work,available,2.98,17.98,high,low,7,namecheap,,,19/09/2026 05:19
88a023ff-f2da-4656-a3f1-7ca7c6216ce0,ajaia.work,available,2.98,17.98,medium,low,5,namecheap,,,17/09/2026 23:39
00e39f9a-8788-48ed-836b-4e8e783c2aa6,cockup.work,available,2.99,12.99,medium,low,6,namesilo,,,21/09/2026 23:29
d7eb93bf-4901-4b78-9770-3721e4d3ca7d,polymeric.work,available,2.98,17.98,medium,low,9,namecheap,,,08/09/2026 23:25
888c7f83-d22a-4f32-9bb8-03f379e7968b,predicates.work,available,2.99,12.99,low,low,10,namesilo,,,30/09/2026 15:08
ecaac0ac-835e-4a53-bde6-32160344bdfc,provide.work,premium,640,11.8,high,low,7,namesilo,,,30/09/2026 07:04
77fce4cd-472a-4cf8-a56a-e9c0e8366b58,mountaineer.work,available,14,,high,low,11,unstoppable,,,30/09/2026 19:54
a253caf1-6f17-4519-8560-3c06782187b0,tallest.work,available,10.2,10.2,medium,low,7,cloudflare,,,01/10/2026 17:37
6b7ebd9b-30c0-479b-8117-435ee7c3a577,pleasing.work,available,2.99,12.99,high,low,8,namesilo,,,27/09/2026 04:10
a2c2e2b4-c794-48ab-8bbb-42bb6b322d7a,fran.work,premium,29.5,11.8,high,low,4,namesilo,,,
1503851e-fdf6-4c95-b390-14af0f853b4d,stallion.work,available,2.99,12.99,high,low,8,namesilo,,,24/09/2026 14:09
99f1a859-08c9-4a39-88b4-f03af16f5e3c,positioning.work,available,2.99,12.99,high,low,11,namesilo,,,29/09/2026 14:53
cd502346-e62c-46cc-83f3-3e87ddeee34c,looting.work,available,10.92,10.92,medium,low,7,dynadot,,,01/10/2026 20:22
65d6d98d-d66c-4ada-8c5f-2513e44d5f81,ducktape.work,available,2.99,12.99,high,low,9,namesilo,,,27/09/2026 08:55
6d6d2636-6f42-43aa-83a9-6cc40f514648,morale.work,premium,1100,10.92,high,low,6,dynadot,,,28/09/2026 19:07
ddb99421-849a-478d-9116-acd5811fb39c,casteless.work,available,2.98,17.98,medium,low,9,namecheap,,,11/08/2026 20:25
d7885617-e2f5-4e5e-933d-305205a1835f,forehead.work,available,1.75,10.58,high,low,8,spaceship,,,29/09/2026 04:37
2521edb3-c415-447f-b151-44723cf01675,stool.work,available,2.98,17.98,high,medium,5,namecheap,,,09/09/2026 00:53
120dcf0d-4779-4abb-a274-c2c401fe0072,advantages.work,available,2.99,12.99,medium,low,10,namesilo,,,17/09/2026 07:07
428b320c-7bc9-436f-afab-88aceddf47bb,keeled.work,available,2.98,17.98,medium,low,6,namecheap,,,11/08/2026 19:16
e34da78f-b115-46a9-bd7f-49109d688915,bilk.work,available,2.98,17.98,medium,low,4,namecheap,,,09/09/2026 08:21
e1f83854-9ab4-4f48-85cf-9a16b419fc05,outdoor.work,premium,40.5,47.2,high,low,7,unstoppable,,,01/10/2026 02:25
fbdeb4ed-c6a1-4e64-80c3-46c0ec7d5528,wood.work,resell,,,high,low,4,101domain GRS Limited,15/08/2020 02:20,15/08/2027 02:20,30/09/2026 16:36
19cfaa32-a462-4f81-9da8-28829c583b3a,goony.work,available,2.99,12.99,medium,low,5,namesilo,,,23/09/2026 23:48
09b5f2c3-0a20-4d99-8618-4f08adbc1b3c,streetcleaner.work,available,2.99,,low,low,14,name.com,,,
bf407bf6-e0d1-4e43-a558-4f0e111c9f7f,greenish.work,available,2.99,16.99,medium,low,8,name.com,,,13/08/2026 18:01
5230789d-54c1-428f-a498-a52c1a50fd6d,tacitly.work,available,2.99,12.99,medium,low,7,namesilo,,,16/09/2026 07:43
1a62a9c5-dd01-4254-9c78-bed8352d7fd4,anklebone.work,available,2.99,12.99,medium,low,9,namesilo,,,19/09/2026 09:43
2ad51d8a-367a-456f-9662-092986bfcad2,brockton.work,available,2.99,12.99,medium,low,8,namesilo,,,30/09/2026 14:00
71e6c15c-6a6d-4fe6-a82d-57657a01d125,discussed.work,available,2.99,12.99,medium,low,9,namesilo,,,27/09/2026 10:04
83a6cc10-5f5b-4d66-a1df-50478c26cc4b,sherwood.work,available,2.99,12.99,high,low,8,namesilo,,,25/09/2026 10:26
17a33204-10c6-48a5-bf0b-6ef1da4d0d63,rifle.work,premium,53.92,11.8,high,low,5,namesilo,,,27/09/2026 04:01
9da08599-02b5-4e0d-832e-871566fedcc0,rearrange.work,available,10.92,10.92,high,low,9,dynadot,,,01/10/2026 22:11
27001dec-1a7e-4200-8e35-acc7c58fe2f3,thespian.work,available,2.98,17.98,high,low,8,namecheap,,,11/09/2026 13:05
dbdb73ab-a527-403f-9d17-6314cdae9999,bucharest.work,premium,26.08,10.55,high,low,9,spaceship,,,02/10/2026 04:11
4928526c-fffe-4adf-aac3-2b5445c57c2e,haight.work,available,14,,medium,low,6,unstoppable,,,02/10/2026 04:03
c59d7ede-5ca5-4bcb-be64-e1b1fee52c9c,bedrooms.work,available,2.98,17.98,low,low,8,namecheap,,,29/09/2026 05:54
fc2626e3-3dcd-4623-9a29-ba1ac393bde2,unobvious.work,available,2.98,17.98,medium,low,9,namecheap,,,12/09/2026 16:07
1e52b208-9895-461d-aff4-9f3fd683ca0a,drums.work,premium,3450,11.8,medium,low,5,namesilo,,,18/09/2026 11:40
00e8e6f0-ab5e-4fda-a7ee-972b582300c5,srs.work,premium,250.5,,high,low,3,unstoppable,,,29/09/2026 23:23
00e17250-8ba4-45d3-ad6f-2a429f46d0d8,ricefield.work,available,2.99,,medium,low,10,name.com,,,
ea4a1b4c-695d-4619-b3e2-969f574b199a,stabbed.work,available,2.99,12.99,low,low,7,namesilo,,,28/09/2026 00:02
333ff3cc-c12a-4a04-a770-40f962e68fb8,freud.work,premium,,,medium,low,5,,,,28/09/2026 09:49
72dee73c-8805-486e-98bc-16cc287f2179,ninepenny.work,available,2.98,17.98,low,low,9,namecheap,,,03/09/2026 17:37
b3252524-61df-4124-b385-ba08decd0f67,perfidy.work,available,2.99,12.99,medium,low,7,namesilo,,,23/09/2026 11:25
311c331c-d6ca-4d86-a954-f4faff48be20,meade.work,available,2.99,12.99,high,low,5,namesilo,,,27/09/2026 04:12
bcde9d1a-41ff-40fb-87a9-7227e5eb8b06,barnburner.work,available,2.99,12.99,medium,low,10,namesilo,,,22/09/2026 06:49
0c22d76b-a536-4819-a29c-003f4f8c3616,astrodome.work,available,2.99,12.99,medium,low,9,namesilo,,,20/09/2026 17:37
26e2800d-98d7-43ae-b8f1-cd6a566cef2c,exposure.work,available,,,high,low,8,,,,
6017570d-6a30-44a7-9708-fb604d85e276,wakeful.work,available,2.98,17.98,medium,low,7,namecheap,,,04/09/2026 16:03
f02086de-b841-4d03-96ad-cdb020b1c20b,verifying.work,available,2.98,17.98,high,low,9,namecheap,,,12/08/2026 20:56
22ae8e4c-6eaf-4e23-ba3a-a1fb0ba500dc,assonance.work,available,2.99,12.99,medium,low,9,namesilo,,,20/09/2026 16:32
def68bad-b3b2-450b-8adc-9fbdc7de0177,raptorial.work,available,2.98,17.98,high,medium,9,namecheap,,,09/09/2026 10:23
2f1f8b72-38a0-4dca-98cd-983373005d94,surge.work,premium,3250,13,high,low,5,namecheap,,,23/09/2026 16:36
2d0f69e0-7c48-4a5d-b827-a54d60d8a3e2,familial.work,available,2.98,17.98,high,low,8,namecheap,,,17/08/2026 21:41
5e47f145-fa87-45a2-9bfc-d0f34f05ccd4,jillion.work,available,2.98,17.98,medium,low,7,namecheap,,,11/09/2026 19:52
7e506326-c453-4ec4-a311-83e51c3e43b2,living.work,premium,65,13,high,low,6,namecheap,,,25/09/2026 14:05
5a78a59a-8c1b-4f38-a30e-7d22686a5006,baptistry.work,available,2.99,12.99,medium,low,9,namesilo,,,22/09/2026 03:28
6e46a638-f70d-476d-9331-f86c1b398695,disciples.work,available,14,,medium,low,9,unstoppable,,,29/09/2026 16:57
7bc42913-4caa-4a77-8de7-a004d79e92a6,sail.work,resell,,,high,low,4,"Xiamen ChinaSource Internet Service Co., Ltd",23/04/2021 16:00,23/04/2027 16:00,29/09/2026 12:14
1063e89f-1dce-4e66-9673-33a6d070328e,hardie.work,available,14,,medium,low,6,unstoppable,,,01/10/2026 11:41
0b08d2fb-9774-4426-ba71-1c234a224e45,society.work,resell,,,high,low,7,"Chengdu West Dimension Digital Technology Co., Ltd.",30/04/2021 23:49,30/04/2027 23:49,29/09/2026 01:43
95d758ce-ac9a-4d2b-a35e-88b9f220b747,bairn.work,available,2.98,17.98,medium,low,5,namecheap,,,21/09/2026 19:31
81e31958-ce44-427e-8da2-2116d79660ff,chomsky.work,available,2.99,12.99,medium,low,7,namesilo,,,16/09/2026 12:59
09a3339b-934e-4a91-942e-8f6943134707,nur.work,premium,250.5,,medium,low,3,unstoppable,,,28/09/2026 15:38
b0037593-7198-4828-973e-af28696c1d4c,passengers.work,available,2.99,12.99,medium,low,10,namesilo,,,27/09/2026 02:28
3f81b167-f459-4745-87e7-6ce1c653c083,nuprin.work,available,2.99,12.99,medium,low,6,namesilo,,,17/09/2026 11:20
7b2047ca-e7b6-4eba-b8a9-ad5dd82bd10b,gouty.work,available,2.98,17.98,medium,low,5,namecheap,,,20/08/2026 17:18
490ad7af-5f83-4729-a785-3f18f9ca561a,autogenic.work,available,2.98,17.98,medium,low,9,namecheap,,,07/08/2026 20:21
0c299b25-1b5b-459d-959b-0f57c5c89895,johnnie.work,premium,103.7,10.55,high,low,7,spaceship,,,30/09/2026 04:30
c6c92442-af7e-4f55-9c43-a0fc07665351,composing.work,available,2.99,12.99,high,low,9,namesilo,,,24/09/2026 16:54
e1d06d33-7685-40bd-8551-1d3f3e76fb2b,mental.work,resell,,,high,low,6,Dynadot Inc,10/02/2015 16:00,10/02/2027 16:00,26/09/2026 07:31
486c46d6-7f8a-4230-b4d0-97d58b6cc337,fleeting.work,available,2.98,17.98,high,low,8,namecheap,,,18/08/2026 07:51
4f064d4c-b20e-47f1-87ff-1f061c0eea9d,doze.work,premium,224,11.8,high,low,4,namesilo,,,24/09/2026 23:43
448d04fe-5a6e-498a-a16b-d9daa800dcb6,artfully.work,available,2.98,17.98,medium,low,8,namecheap,,,13/09/2026 20:53
dc49441b-812d-4b83-a77d-0b0d8261e7b3,finishing.work,premium,116,11.8,high,low,9,namesilo,,,27/09/2026 03:58
1caf6382-b3a3-43d4-89c9-ebde2b322d2c,cloze.work,available,2.98,17.98,medium,low,5,namecheap,,,12/08/2026 12:54
62fba17a-8c74-4471-9dc7-8d18072c5dc8,frictional.work,available,2.98,17.98,medium,low,10,namecheap,,,18/08/2026 15:28
a072250f-cda2-4500-9c05-54e6f74ecd5a,cage.work,premium,53.92,11.8,medium,low,4,namesilo,,,22/09/2026 14:36
71eada20-9416-4c48-8690-f382ac1385f0,sweetest.work,available,2.98,17.98,medium,low,8,namecheap,,,30/09/2026 15:05
52792a7a-d3c9-4d22-8439-2e9c2b22b40a,cricket.work,premium,100.5,,high,low,7,unstoppable,,,29/09/2026 12:00
aff0e9cc-7388-4245-bf7b-61bbf4095dca,diatonic.work,available,2.98,17.98,medium,low,8,namecheap,,,14/08/2026 06:21
c0307367-1140-4063-aab3-6bf58c0e68ab,pig.work,premium,302.5,11.8,high,low,3,namesilo,,,29/09/2026 11:33
fec2bcba-5edf-47cf-832d-c70b9cf84f36,choked.work,available,2.98,17.98,medium,low,6,namecheap,,,12/08/2026 06:39
fff35eef-a895-464d-b072-44070f4a820a,swung.work,available,2.99,12.99,medium,low,5,namesilo,,,30/09/2026 14:20
9bc54323-9099-4dbf-b68d-43691053fa6d,suspense.work,available,2.99,12.99,high,low,8,namesilo,,,30/09/2026 12:39
0cc690cc-d067-4928-bc79-1c0df7aaf6e7,postal.work,resell,,,high,low,6,"Blue Razor Domains, LLC",10/02/2015 16:00,10/02/2027 16:00,26/09/2026 08:16
7e5efcdf-1fb2-4155-9201-38f6e87b3fc1,woes.work,available,2.99,12.99,low,low,4,namesilo,,,20/09/2026 07:52
14ed617b-155d-470a-9a6a-9850afbe5613,epicurean.work,available,2.98,17.98,high,low,9,namecheap,,,17/08/2026 10:40
327582d1-b40e-4451-a5c8-c9153a55b5f9,makin.work,premium,175.5,,medium,low,5,unstoppable,,,02/10/2026 05:42
d61e46a7-1843-4bb7-873b-34c83eec2f09,factious.work,available,2.98,17.98,medium,low,8,namecheap,,,14/08/2026 12:34
b06e6abc-bf8c-4c04-bc9e-a4d8f0175ae8,bey.work,premium,302.5,11.8,medium,low,3,namesilo,,,23/09/2026 12:10
fa4bea50-10fb-4234-8c36-897773e8fd62,back.work,premium,6500,13,high,low,4,namecheap,,,22/09/2026 15:40
566ed4c7-1640-415c-8b1b-625dfb8896c4,disks.work,premium,224,11.8,medium,low,5,namesilo,,,18/09/2026 11:49
36d5afdf-9840-4740-a509-049e5a4788fc,quack.work,premium,302.5,11.8,high,low,5,namesilo,,,09/09/2026 07:16
88f9472a-68b0-4253-ad9d-4954bbb9af37,impediment.work,available,2.98,17.98,medium,low,10,namecheap,,,14/08/2026 04:53
6471523e-05da-4666-a340-82e1386697eb,cypriote.work,available,2.99,16.99,medium,low,8,name.com,,,13/08/2026 14:05
6e4a7456-04e8-48f5-8bfa-7c4c646cba61,petersburg.work,available,10.2,10.2,medium,low,10,cloudflare,,,29/09/2026 07:52
739e5fe6-72e6-4fd2-b18a-5e25cee0da1a,shake.work,premium,224,11.8,high,low,5,namesilo,,,25/09/2026 06:52
75503366-8db8-4215-bdb7-f6242ebfec53,colour.work,premium,116,11.8,high,low,6,namesilo,,,23/09/2026 15:08
f6cc3d12-dfaf-4bd3-b83d-e3343a0ebf8a,festivity.work,available,1.75,10.58,high,low,9,spaceship,,,02/10/2026 02:33
1f712076-761c-4ad2-9b34-a9ec46b7f6e5,shining.work,resell,,,high,low,7,"Sav.com, LLC - 50",07/08/2026 00:00,07/08/2027 00:00,26/09/2026 08:59
d962fd50-2a25-403d-8754-502a59b3ba87,anon.work,premium,325,13,high,low,4,namecheap,,,13/09/2026 20:01
12776ce8-2c3a-43fd-8944-e88e54387810,multilane.work,available,2.98,17.98,medium,low,9,namecheap,,,03/09/2026 10:43
b322668d-84fd-4e65-97bb-b5f9a98ec607,distances.work,available,10.2,10.2,low,low,9,cloudflare,,,30/09/2026 15:36
c3c1c935-876f-4f93-882f-d9a19b4e5931,slothful.work,available,2.98,17.98,medium,low,8,namecheap,,,17/08/2026 20:58
180e7f63-6595-4fde-8384-939dfada6b80,specks.work,available,2.99,12.99,low,low,6,namesilo,,,20/09/2026 10:46
6e7eff55-1d25-4d8a-826f-fda09b0a9548,swelling.work,available,2.99,12.99,high,low,8,namesilo,,,24/09/2026 11:05
da730c3a-3dbd-45e8-afd1-f8039dc7f0c9,breeds.work,premium,960,11.8,medium,low,6,namesilo,,,20/09/2026 01:09
bb1d0e46-3b83-46e0-bdd1-2e040599a6bb,cased.work,available,2.98,17.98,medium,low,5,namecheap,,,11/08/2026 20:04
322d2bdd-1bf2-4345-95db-79df2b44ab44,walpole.work,available,10.2,10.2,medium,low,7,cloudflare,,,28/09/2026 01:54
d7f9360e-cc4d-4f5c-a837-9236341232eb,cartridges.work,available,1.75,10.58,medium,low,10,spaceship,,,30/09/2026 16:02
4f60db28-7293-47c1-ba29-5e68aa4ccf0c,viruses.work,premium,53.92,11.8,low,low,7,namesilo,,,30/09/2026 06:37
4f4483f6-9ba2-4a3e-af6a-065657a0a623,airburst.work,available,2.99,12.99,medium,low,8,namesilo,,,17/09/2026 23:00
0a5901d3-9654-4ec4-be9c-a75f8f45d7d4,motored.work,available,2.98,17.98,medium,low,7,namecheap,,,25/08/2026 08:30
6a4978da-3ac4-4764-9934-aa94d0b0b8c2,horrific.work,available,2.98,17.98,medium,low,8,namecheap,,,14/08/2026 08:59
8a238a1d-44f2-416a-a0c8-ee07327a069f,rampantly.work,available,2.98,17.98,medium,low,9,namecheap,,,13/09/2026 11:58
05f623dd-b8f7-4e79-bb46-8da58c645061,revised.work,available,1.75,10.58,high,low,7,spaceship,,,27/09/2026 14:32
a7ff2482-d2fe-4efb-b6e3-c2395a6d6038,pad.work,premium,2500.5,,high,low,3,unstoppable,,,29/09/2026 16:29
34e00961-537c-4f4c-be36-1c5ec0b6feab,alces.work,available,2.99,12.99,high,low,5,namesilo,,,18/09/2026 03:55
c8b86d02-ca44-4e62-8535-f5ff6387b78f,nanda.work,premium,224,11.8,medium,low,5,namesilo,,,30/09/2026 22:08
ca5523e3-f23f-4289-976d-d8cc47b580c1,fathomable.work,available,2.98,17.98,medium,low,10,namecheap,,,17/08/2026 23:40
5ce72c06-4baf-447c-ba5c-c11f8d4801b3,plow.work,premium,181.33,10.55,high,low,4,spaceship,,,02/10/2026 04:34
d12c6326-0d4b-4870-853d-b06bd1650431,velcro.work,available,2.99,12.99,high,medium,6,namesilo,,,19/09/2026 10:11
d6276f84-25f0-4b0f-8f34-ac53ae959df4,unco.work,premium,302.5,11.8,medium,low,4,namesilo,,,15/09/2026 23:08
3c5b3dc3-d81e-4bb9-8f57-ab6b092eb4e8,ife.work,premium,302.5,11.8,medium,low,3,namesilo,,,01/10/2026 23:39
01e6b654-4380-461b-ab2d-54237e95be71,sulphur.work,available,2.99,12.99,medium,low,7,namesilo,,,20/09/2026 22:29
194c985c-3464-4f11-9187-91f44d964703,becquerel.work,available,2.99,12.99,medium,low,9,namesilo,,,19/09/2026 15:23
092cc73c-386b-4961-a013-946cb02c3575,aimlessly.work,available,2.98,17.98,medium,low,9,namecheap,,,13/09/2026 18:28
a559f303-efad-40ea-a5b3-1cc16f260713,washed.work,available,2.98,17.98,high,low,6,namecheap,,,13/09/2026 08:31
44b098dc-83d4-427d-8627-e8062b985d8e,vulgar.work,available,2.98,17.98,medium,low,6,namecheap,,,14/08/2026 22:44
ed0a1aca-2fcb-4d6b-ab79-71f5a1f4d52c,forbidden.work,available,2.99,12.99,medium,low,9,namesilo,,,25/09/2026 10:06
268996de-03b9-420a-96fb-cc723c7d962f,beach.work,premium,546.35,11.44,high,low,5,porkbun,,,29/09/2026 01:36
1dcd8fa7-7720-4907-8d1e-e6c49b1dbb38,squeaking.work,available,2.98,17.98,medium,low,9,namecheap,,,10/09/2026 00:03
8c1591b0-affa-4d18-91f2-3af9ffad8f4b,fizzing.work,available,2.98,17.98,medium,low,7,namecheap,,,18/08/2026 06:02
e963afe4-505b-4f55-b0db-c5e1d6850ce6,alcibiades.work,available,2.99,12.99,medium,low,10,namesilo,,,18/09/2026 04:00
656e3b8e-2b06-408d-b129-67ffba5594c1,inimical.work,available,2.98,17.98,medium,low,8,namecheap,,,22/08/2026 05:20
65b11fe4-a44f-4c05-bc18-ad6ec490054a,footloose.work,available,2.98,17.98,high,low,9,namecheap,,,18/08/2026 10:46
b500bf99-d62f-4bb9-8012-bd49d1a2b873,parishes.work,available,2.99,12.99,medium,low,8,namesilo,,,18/09/2026 08:08
46851ca0-0bbb-441a-b0f1-9186eb804c36,birr.work,premium,116,11.8,medium,low,4,namesilo,,,13/09/2026 11:33
51f14058-c9df-4769-9da6-8ffb2d39a23a,mah.work,premium,258.95,10.55,high,low,3,spaceship,,,30/09/2026 20:10
e8dfabbc-846d-4701-bde4-ea4f4d4dc7db,descend.work,available,2.99,12.99,high,low,7,namesilo,,,30/09/2026 17:09
8e2094a7-2327-4a99-8aa2-e456278ad14e,ashland.work,premium,29.5,11.8,high,low,7,namesilo,,,27/09/2026 08:14
1d5d35b7-6af0-4a7f-9a65-5ac6c837d308,areopagus.work,available,2.99,12.99,medium,low,9,namesilo,,,20/09/2026 03:52
139dffa5-ced8-48fc-a05b-a9ce80dce9c2,baptized.work,available,2.98,17.98,high,low,8,namecheap,,,08/08/2026 14:55
8cd98568-32d2-4488-a7c5-e9ca93975519,middlemost.work,available,2.98,17.98,medium,low,10,namecheap,,,24/08/2026 22:27
3976f49f-c86f-48b3-ac67-3de7b3393568,scheming.work,available,2.98,17.98,medium,low,8,namecheap,,,11/08/2026 14:03
ecd5f42d-49a9-41b5-a9f7-86120ecfcab3,ahead.work,premium,3450,11.8,high,low,5,namesilo,,,21/09/2026 23:29
8721a7b0-9054-483b-9080-d19c59fd5463,bible.work,resell,,,high,medium,5,"Xiamen ChinaSource Internet Service Co., Ltd",23/04/2021 16:00,23/04/2027 16:00,29/09/2026 02:20
3a5d2fb0-0460-490b-a3c7-b80bd00e1ea8,wailing.work,available,2.98,17.98,medium,low,7,namecheap,,,22/08/2026 19:04
546012b3-d5b7-4413-8d90-fc9615118ae4,containing.work,available,2.99,12.99,medium,low,10,namesilo,,,29/09/2026 03:15
9d233fe1-2b65-43ee-8a46-cb5c2e3d524f,safely.work,premium,302.5,11.8,high,low,6,namesilo,,,16/09/2026 00:26
b9768502-175b-4db9-80e9-4ce1a6785cac,mei.work,premium,500.5,,high,low,3,unstoppable,,,28/09/2026 10:10
08f71f5a-79e7-436f-886c-3366dda5df0e,induce.work,available,1.75,10.58,high,low,6,spaceship,,,30/09/2026 16:40
d2f232fa-0f74-4e1f-9d83-51ffa05bc3a3,displayed.work,available,10.2,10.2,medium,low,9,cloudflare,,,28/09/2026 21:19
55fe5493-4f0e-474f-af57-7bccdaa4f0c8,decorating.work,premium,53.92,11.8,high,low,10,namesilo,,,30/09/2026 04:09
a8d86de0-ecf6-4682-a6af-b101b3ef6af4,opposite.work,available,2.99,12.99,high,low,8,namesilo,,,23/09/2026 22:35
045d5789-24d6-4443-85cd-233e5520771f,trafficking.work,available,2.99,12.99,medium,low,11,namesilo,,,30/09/2026 12:20
b4867807-3fcb-4326-a9e2-34df4880f8b4,diaphanous.work,available,2.98,17.98,medium,low,10,namecheap,,,12/08/2026 14:26
cfc2e41c-cf76-4b1d-8126-0a058c64ee87,regnant.work,available,2.98,17.98,high,medium,7,namecheap,,,09/09/2026 12:56
1994f479-1d11-45e7-9c07-bf85e9281d6a,haggard.work,available,2.98,17.98,medium,low,7,namecheap,,,10/08/2026 18:56
05d10707-b200-4d78-b9e5-538e1fb65bb4,smothered.work,available,2.98,17.98,medium,low,9,namecheap,,,10/09/2026 12:11
d9976cc4-3880-4a39-a435-68555b9b9cd2,owe.work,premium,258.95,10.55,high,low,3,spaceship,,,30/09/2026 21:17
3948b06f-890a-407b-96ed-f30fde947ef9,aspirator.work,available,2.99,12.99,medium,low,9,namesilo,,,20/09/2026 15:23
bb93f820-a7c8-4fb2-a821-e5f23dd4e80e,chichester.work,available,1.75,10.58,medium,low,10,spaceship,,,28/09/2026 03:33
4844175c-8a40-4bb5-8346-a46ab0aeb1e6,caparison.work,available,2.99,12.99,medium,low,9,namesilo,,,22/09/2026 05:11
e4306b04-b449-469d-a426-883757864628,mothy.work,available,2.98,17.98,low,low,5,namecheap,,,25/08/2026 07:14
155d3b82-8207-44bd-a285-0de277328b8d,ming.work,premium,,,high,low,4,,,,28/09/2026 02:26
551f7124-6c84-463b-816d-d71abc6d3767,airbrake.work,available,2.99,12.99,medium,low,8,namesilo,,,17/09/2026 22:58
3bb4da53-7e38-4402-a16a-c743c2f85b65,redness.work,available,2.98,17.98,high,medium,7,namecheap,,,09/09/2026 12:08
fe4884f0-2d85-4727-90c5-7361aab51a4d,douglas.work,premium,109.69,11.44,high,low,7,porkbun,,,27/09/2026 13:08
e41c8f13-491c-4ec1-82cc-04850d6b6ac1,williamstown.work,available,1.75,10.58,medium,low,12,spaceship,,,29/09/2026 22:48
69e12330-9fcb-49ed-981e-04cfdc17e79e,complains.work,available,10.2,10.2,low,low,9,cloudflare,,,01/10/2026 17:20
c2356e77-22ed-4361-818f-6acb713f1517,ravine.work,available,14,,high,low,6,unstoppable,,,30/09/2026 18:25
156a69a1-4a25-4095-9f36-a8d46850b766,perishable.work,available,2.98,17.98,high,low,10,namecheap,,,08/09/2026 17:18
4fe16eb1-f1ed-41eb-9fd4-840fdc585fbe,mesozoic.work,available,2.98,17.98,medium,low,8,namecheap,,,24/08/2026 21:21
bce5cb4e-5f0a-4218-bf02-d06f797808dc,audibly.work,available,2.98,17.98,medium,low,7,namecheap,,,13/09/2026 22:44
3f206bb9-54b4-42d0-8ae3-f332b1e3280c,brainstorm.work,resell,,,high,low,10,"DNSPod, Inc.",22/02/2025 00:00,22/02/2027 00:00,26/09/2026 04:35
74aac714-4222-4f6c-b878-a77b58c10498,scrambling.work,available,10.2,10.2,medium,low,10,cloudflare,,,01/10/2026 23:12
e0e76208-db46-4f2e-8bcb-9ec42f4723e7,columbian.work,available,2.98,17.98,medium,low,9,namecheap,,,12/08/2026 18:12
086a2dc1-82cb-4d2a-904e-3aeeda36f090,superable.work,available,2.98,17.98,medium,low,9,namecheap,,,11/09/2026 02:14
b8ca44dc-dea3-4793-99f3-c8dab96cca06,fidgety.work,available,2.98,17.98,medium,low,7,namecheap,,,05/08/2026 20:32
90ed333e-9a6a-49ff-b048-e6f521348abf,story.work,resell,,,high,medium,5,Porkbun,29/04/2026 15:10,29/04/2030 15:10,26/09/2026 09:20
fa38d774-8ab6-479e-81f6-ff9d559243a5,offender.work,available,1.75,10.58,medium,low,8,spaceship,,,28/09/2026 20:02
08695fe8-85d2-4ad7-b644-bc8c3c8392b3,eagerness.work,available,2.98,17.98,high,low,9,namecheap,,,21/09/2026 09:28
d6eacd6c-f27b-412b-8574-10249ca614e9,rub.work,premium,250.5,,high,low,3,unstoppable,,,28/09/2026 10:09
4d26e17d-5162-4b37-9800-77e15444b912,bourgeois.work,premium,53.92,11.8,high,medium,9,namesilo,,,10/08/2026 22:45
efd3f0d6-32cb-452a-a013-32502947d35b,magnified.work,available,2.98,17.98,high,low,9,namecheap,,,24/08/2026 13:08
b6a38f7b-feac-4b23-995c-c23dca8caa2f,barroom.work,available,2.98,17.98,medium,low,7,namecheap,,,22/09/2026 03:34
662216f9-b662-4633-b3ad-486842df486e,woody.work,available,,,high,low,5,,,,
1801612b-b50f-4f2b-a892-0a63492398e5,fairbanks.work,premium,,,medium,low,9,,,,30/09/2026 01:22
ce3d5fe2-27fa-4268-a168-5620871f7323,particles.work,available,2.99,,medium,low,9,name.com,,,
174b612f-2d4e-4220-8856-e58cf9059fc1,shrewd.work,available,2.99,12.99,high,low,6,namesilo,,,22/09/2026 10:37
d27c34e0-1f3e-4b2e-ac8a-54742357634b,liquified.work,available,2.98,17.98,medium,low,9,namecheap,,,23/08/2026 22:47
50709f59-f25a-4b7c-b185-ddb406298d3f,aberdare.work,available,2.99,12.99,medium,low,8,namesilo,,,16/09/2026 15:08
48afa3d5-3336-4573-ba14-a9a6e080d786,itch.work,premium,191.57,11.44,high,low,4,porkbun,,,29/09/2026 19:24
d8ecaac0-f2d6-40ad-a8f9-2b1fdca1f939,splattered.work,available,2.99,16.99,medium,low,10,name.com,,,13/08/2026 15:21
5b238b36-4c98-49d5-b119-32d29d030870,persecuted.work,available,1.75,10.58,low,low,10,spaceship,,,30/09/2026 06:36
4d00c1f2-f908-4ede-be03-ba906fe31e6f,ref.work,premium,517.7,10.55,high,low,3,spaceship,,,01/10/2026 21:28
2816a3d8-4adb-414f-9ca1-bfab4beb3596,maturely.work,available,2.98,17.98,medium,low,8,namecheap,,,15/09/2026 13:40
630742af-c588-40b6-bed6-fdadd4313ede,archaeologist.work,available,10.92,10.92,high,low,13,dynadot,,,30/09/2026 11:33
c48a7100-cea0-4267-80e4-735e3c76ebf6,brutally.work,available,2.98,17.98,medium,low,8,namecheap,,,14/09/2026 01:41
bccdbe55-6e87-4c5e-abe0-96ea48075687,aesop.work,available,2.99,12.99,medium,low,5,namesilo,,,17/09/2026 13:24
228d0e89-699e-4a9e-9cfd-c2565e451f90,mutagenic.work,available,2.98,17.98,medium,low,9,namecheap,,,03/09/2026 11:37
bea38ce1-e34c-4d55-8dff-844d5889e7ba,backbend.work,available,2.99,12.99,medium,low,8,namesilo,,,21/09/2026 15:01
ddac3c1b-e772-4e6d-993d-d33ecdb1c0ec,inflected.work,available,2.98,17.98,medium,low,9,namecheap,,,22/08/2026 04:31
2a43fd22-8060-4321-bbc9-db6ecacfedd8,nonplus.work,available,2.99,12.99,medium,low,7,namesilo,,,21/09/2026 17:34
48eb5d8d-3b96-4dc5-bf81-d90d76008c1c,extras.work,premium,1107,11.8,medium,low,6,namesilo,,,
71f1d2c5-9e5b-4b20-940f-6bcd5e770f33,increasing.work,available,2.99,12.99,high,low,10,namesilo,,,25/09/2026 08:12
fd5da7d3-8f05-4f30-bd30-a4212268f80b,security.work,premium,5500,10.92,high,medium,8,dynadot,,,02/10/2026 02:54
7f8d8989-2a29-4fef-80fe-13842d26c926,debile.work,available,2.99,16.99,medium,low,6,name.com,,,13/08/2026 20:28
af077434-b1be-432c-b7c4-669e23e148b0,axonal.work,available,2.98,17.98,medium,low,6,namecheap,,,08/08/2026 02:01
251c6caa-eb5c-4570-b5b5-948de864c19d,blanched.work,available,2.98,17.98,medium,low,8,namecheap,,,07/08/2026 02:14
42de5b02-2bc4-41a9-b7ba-f68c9b6b71aa,dural.work,available,2.98,17.98,medium,low,5,namecheap,,,14/08/2026 21:30
b37c5af8-f82e-4dc7-93c3-dbeef0f1cc1b,needs.work,resell,,,high,low,5,"GoDaddy.com, LLC",23/08/2025 11:00,23/08/2027 11:00,28/09/2026 15:53
4c601fef-e1c1-4ca8-99bb-07b586c280e1,superiority.work,available,1.75,10.58,high,low,11,spaceship,,,29/09/2026 16:23
b63ff2d1-7afb-4a15-b418-1482d292285c,sweeping.work,premium,53.92,11.8,high,low,8,namesilo,,,11/09/2026 05:31
adafced7-d43d-4f50-89a1-b8a410fbd176,steps.work,resell,,,high,low,5,"GoDaddy.com, LLC",15/06/2017 17:18,15/06/2027 17:18,30/09/2026 11:47
b1a2f2d2-9ff2-47c0-b676-793810a33ff8,hackneyed.work,available,2.98,17.98,medium,low,9,namecheap,,,08/08/2026 10:56
3ecff4df-529f-4409-b272-7efe46fd25fe,consequently.work,available,10.2,10.2,medium,low,12,cloudflare,,,29/09/2026 10:11
39a64e91-44e4-4238-83ec-ca0e345d20a1,observers.work,available,1.75,10.58,medium,low,9,spaceship,,,30/09/2026 07:11
c9d99380-24a5-4923-81e7-872a7a7d0ef5,palms.work,available,1.75,10.58,high,low,5,spaceship,,,28/09/2026 18:00
eededfae-fca1-47c6-9377-58b3565d9b47,dre.work,premium,517.7,10.55,high,low,3,spaceship,,,29/09/2026 21:06
b268e77e-ad06-4066-ae9c-dc1e175795fc,treating.work,available,2.98,17.98,medium,low,8,namecheap,,,28/09/2026 08:47
03de140f-6cd1-4ba8-a546-115dedf413b5,apostle.work,available,2.98,17.98,high,low,7,namecheap,,,19/09/2026 19:18
e2201f76-18ac-44af-be27-01347a49ea23,imbecile.work,available,2.98,17.98,medium,low,8,namecheap,,,21/08/2026 20:22
a231c66f-f27f-4fc2-8cb3-818f6af21de8,woozy.work,available,2.98,17.98,medium,low,5,namecheap,,,14/08/2026 14:06
6493ebec-a5cb-4d04-abc4-e265a2436885,tirelessly.work,available,2.98,17.98,high,low,10,namecheap,,,15/09/2026 07:50
ae888187-052c-4ed2-94c8-054ea58b3891,indicates.work,available,1.75,10.58,medium,low,9,spaceship,,,28/09/2026 08:19
853b8d74-e752-40f6-8ad8-45f246b1bd3a,rhymes.work,available,1.75,10.58,medium,low,6,spaceship,,,29/09/2026 05:42
45925b95-9d3f-40e8-bed2-ba3656af33c2,untried.work,available,2.98,17.98,medium,low,7,namecheap,,,12/09/2026 21:15
b1200fa1-e4f3-4682-8aab-3ca40c192dde,customize.work,available,1.75,10.58,high,low,9,spaceship,,,30/09/2026 18:11
0dcf92d3-59a0-457d-8395-51c4707f55fc,dordrecht.work,available,14,,medium,low,9,unstoppable,,,30/09/2026 05:32
2099ca6b-cc25-40fc-a2fa-39d2ce5f4caa,printers.work,premium,302.5,11.8,medium,low,8,namesilo,,,21/09/2026 00:30
f1b6074a-d3fe-4b58-bf1c-8d38ca8eef59,submarine.work,available,2.98,17.98,high,low,9,namecheap,,,11/09/2026 00:16
bd02d124-d49d-4168-ae1a-d920ef61d188,baseboard.work,available,2.99,12.99,medium,low,9,namesilo,,,22/09/2026 10:08
27344139-64fe-4f6f-afd5-93658af30113,border.work,resell,,,high,low,6,"Spaceship, Inc.",30/03/2026 08:09,30/03/2027 08:09,26/09/2026 04:33
7d5f4789-71de-4717-8e8f-6e0e4667b2f2,pony.work,premium,6900,11.8,high,low,4,namesilo,,,30/09/2026 00:53
773bf1d8-a40b-437e-a1a4-0d705143710d,shadowy.work,available,2.98,17.98,medium,low,7,namecheap,,,10/09/2026 05:28
22a190c4-e31b-4556-a3b8-ffd55d92801a,capsulate.work,available,2.98,17.98,medium,low,9,namecheap,,,11/08/2026 18:10
72585e56-7501-4894-a3d6-b888673036b4,punishment.work,available,2.99,12.99,medium,low,10,namesilo,,,25/09/2026 09:51
adbc4206-d748-454e-8933-818196645612,parents.work,premium,116,11.8,high,low,7,namesilo,,,
0fba88d1-a241-4a5c-9f93-4f6e68099c77,arable.work,available,2.98,17.98,medium,low,6,namecheap,,,06/08/2026 11:14
e06e9192-6f3d-4044-a1e8-16f09e54edec,mutualist.work,available,2.98,17.98,high,low,9,namecheap,,,22/08/2026 07:59
c4947f3f-59df-438a-b24c-d5c060010799,finals.work,premium,224,11.8,high,low,6,namesilo,,,18/09/2026 22:07
a7319c52-09ed-4622-866d-407b08b76a09,nattily.work,available,2.98,17.98,medium,low,7,namecheap,,,15/09/2026 16:12
a16ffbb9-064c-44b3-9120-6842942b9c93,des.work,premium,517.7,10.55,high,low,3,spaceship,,,29/09/2026 14:04
eaf03a09-2df9-4cee-b4d6-d000576dd4ae,noisome.work,available,2.98,17.98,medium,low,7,namecheap,,,18/08/2026 02:29
2c946bdf-32c4-46ca-8784-7a80cd558827,roller.work,premium,103.7,10.55,high,low,6,spaceship,,,29/09/2026 13:05
28ba6177-e9c6-4e3f-9938-6397912d995f,scotch.work,available,2.99,12.99,high,low,6,namesilo,,,24/09/2026 21:59
17f4bf29-9986-4d08-baf1-12403a0e8135,budgets.work,premium,640,11.8,medium,low,7,namesilo,,,28/09/2026 08:37
4a31c1a2-1ad9-489c-8a76-dfe799b93ec7,mini.work,premium,227.5,13,high,high,4,namecheap,,,25/09/2026 20:20
170c9cc3-f51c-46ce-b835-b6bb3c8c1e30,meteoric.work,available,2.98,17.98,high,low,8,namecheap,,,24/08/2026 21:53
13dc8cfe-10f9-4a12-b82c-0c065af284d4,wai.work,premium,517.7,10.55,high,low,3,spaceship,,,29/09/2026 02:52
38cd4e7d-1312-4f8d-8780-16488d0f6cb5,acinic.work,available,2.98,17.98,medium,low,6,namecheap,,,
91d73334-0ef2-4866-ab94-0b57f33e0ef8,dupe.work,premium,218.75,16.99,medium,low,4,name.com,,,12/08/2026 15:10
235cd3c8-956f-4131-afbb-c07f327fe8e9,accompanying.work,available,2.98,17.98,medium,low,12,namecheap,,,29/09/2026 06:23
80064826-5132-47aa-96e5-8b8178162489,smartphones.work,premium,25.5,,high,low,11,unstoppable,,,30/09/2026 07:44
bc373476-1836-48e9-9b93-c169bd589225,style.work,resell,,,high,low,5,"Chengdu West Dimension Digital Technology Co., Ltd.",20/08/2019 21:11,20/08/2027 21:11,26/09/2026 09:22
99d7cb39-2a02-489a-a301-0963645e9c07,rostov.work,available,2.98,17.98,medium,low,6,namecheap,,,30/09/2026 02:44
0ae18bc8-173d-4614-9dd0-ecb7e6faac49,wallachia.work,available,2.98,17.98,medium,low,9,namecheap,,,01/10/2026 23:44
efc2a456-8564-4384-98af-caaf5a3cdf5d,candlenut.work,available,2.99,12.99,medium,low,9,namesilo,,,18/09/2026 05:37
0f7cbdb6-f9c7-4695-91ed-59b429214fab,billet.work,premium,224,11.8,medium,low,6,namesilo,,,23/09/2026 10:14
c14f3bf2-4447-4c9c-89fd-cb4be799a423,fairy.work,premium,224,11.8,high,low,5,namesilo,,,27/09/2026 09:04
6176a620-3e46-46a5-80a3-ea76b9bf0e26,graciously.work,available,2.98,17.98,high,low,10,namecheap,,,14/09/2026 21:58
93f5b922-25c6-411e-b8eb-2aba57d4711f,stealthily.work,available,2.99,12.99,medium,low,10,namesilo,,,16/09/2026 06:59
59b196b6-c1b3-452d-9c19-cefc24066253,childs.work,available,1.75,10.58,medium,low,6,spaceship,,,28/09/2026 12:16
fc57f3fe-8d64-4383-9943-6b39f4569b4a,bringing.work,available,2.99,12.99,high,low,8,namesilo,,,29/09/2026 04:22
da4c5c63-e999-453f-b3c0-e732a65ac734,faced.work,available,2.98,17.98,high,low,5,namecheap,,,17/08/2026 20:20
a2be431c-ae4a-4403-bf52-9e9aad33475e,inhabitant.work,available,2.99,12.99,high,low,10,namesilo,,,24/09/2026 21:51
34024f94-0c54-430f-a249-37c75dffa87e,expires.work,available,2.98,17.98,medium,low,7,namecheap,,,20/09/2026 13:50
13c4732a-f58e-454b-9ffb-b3379714da9f,collar.work,premium,116,11.8,high,low,6,namesilo,,,20/09/2026 09:02
a1635592-cb93-4439-b510-0b51aec599c2,indirectly.work,available,2.98,17.98,medium,low,10,namecheap,,,15/09/2026 07:58
0966408e-4ac5-438f-b650-8e18a5a77681,exercises.work,premium,53.92,11.8,medium,low,9,namesilo,,,28/09/2026 17:18
5ba2738b-954b-43ba-a999-97c462d8eb84,phrenetic.work,available,2.98,17.98,low,low,9,namecheap,,,18/08/2026 14:19
fdd4948e-3803-47c9-be6c-0807ba6f8b41,apidae.work,available,2.99,12.99,medium,low,6,namesilo,,,19/09/2026 17:24
00287008-03c2-4725-b087-efe8f48185e2,highborn.work,available,2.98,17.98,medium,low,8,namecheap,,,13/08/2026 01:48
731c1fd8-f1f9-4ca8-a220-2dcb001cc045,muffled.work,available,2.98,17.98,medium,low,7,namecheap,,,03/09/2026 10:26
3e2c8977-653e-47e5-9446-7561a6ae39bc,bouncy.work,available,2.99,12.99,high,low,6,namesilo,,,23/09/2026 01:24
495ac7ec-874f-4500-9550-ff3b8b6b5fff,pyrogen.work,available,2.98,17.98,medium,low,7,namecheap,,,09/09/2026 07:01
c7b879bb-b126-4108-b2ce-5f3309faa70f,beaker.work,available,2.99,12.99,high,low,6,namesilo,,,22/09/2026 19:45
dad70d9d-b27d-4f79-ba64-de6cf85b6236,kanaf.work,available,2.98,17.98,medium,low,5,namecheap,,,23/09/2026 16:56
65c1ea13-8afa-4840-b793-4e711454a357,eggs.work,premium,55.11,11.44,high,low,4,porkbun,,,29/09/2026 17:47
b16dd20c-5668-4019-8266-14fb94f15a54,droopy.work,available,2.98,17.98,medium,low,6,namecheap,,,14/08/2026 19:43
7664b0f4-91c2-450c-ab94-0fc5aa358d66,appliances.work,premium,50.5,,medium,low,10,unstoppable,,,30/09/2026 14:41
11dd454f-62f2-4746-908b-e9c1076dac3f,nutritional.work,available,14,,high,low,11,unstoppable,,,30/09/2026 11:42
9a01d411-c0be-4f72-8cd5-cc08bef7417d,abducent.work,available,2.98,17.98,medium,low,8,namecheap,,,
b82be00f-b6a6-4346-b5f1-56a4d6a01c99,unions.work,premium,258.95,10.55,medium,low,6,spaceship,,,30/09/2026 00:35
b6f31072-71ac-495d-bcbc-62bfde8237e5,reportedly.work,available,2.98,17.98,medium,low,10,namecheap,,,15/09/2026 23:15
4afdb2f9-8fcf-47d1-960a-3c4117871b98,cramped.work,available,2.98,17.98,medium,low,7,namecheap,,,13/08/2026 04:47
4881dba7-2a08-4866-bcef-0af854ec47c9,midwestern.work,available,2.98,17.98,high,low,10,namecheap,,,24/08/2026 22:41
feb6960e-5c84-44ee-b009-11d960a9f3a8,swimwear.work,premium,650,13,high,low,8,namecheap,,,22/09/2026 13:39
2326f16f-23f5-4409-a82e-67ccfb835aa0,viridity.work,available,2.98,17.98,medium,low,8,namecheap,,,20/08/2026 19:47
9af834a5-04c4-4b80-a65c-87ee4a9e2852,chick.work,premium,302.5,11.8,high,low,5,namesilo,,,24/09/2026 14:27
05ab81cd-0965-410f-ae75-e6939fb199af,harnessed.work,available,2.98,17.98,medium,low,9,namecheap,,,21/08/2026 01:05
1c26b762-f5e9-4188-a2f8-8203d0ab74d6,complement.work,premium,116,11.8,high,low,10,namesilo,,,29/09/2026 10:29
70db9c30-e69b-49be-86a0-51280ba0e8a1,whitish.work,available,2.98,17.98,medium,low,7,namecheap,,,24/08/2026 23:06
b3317f96-0cb4-41b1-abc9-afa296962f0b,teenaged.work,available,2.99,12.99,medium,low,8,namesilo,,,19/09/2026 04:34
d5a88174-23c7-41d7-8d6e-11630abd7cbe,diameter.work,available,2.99,12.99,high,low,8,namesilo,,,29/09/2026 18:38
e3de2826-c21c-4ba4-ac66-9866c654bd2f,acorus.work,available,2.98,17.98,medium,low,6,namecheap,,,17/09/2026 02:25
ca107d4f-c489-45b2-85e4-b0e6c662db68,ncr.work,premium,258.95,10.55,high,low,3,spaceship,,,30/09/2026 19:37
4e392170-46ff-446a-9bac-a8a41d78d20f,temporarily.work,available,2.99,,medium,low,11,name.com,,,
132cff29-5c9e-4e74-8f9b-412b6650dafb,lowbrow.work,available,2.98,17.98,medium,low,7,namecheap,,,
c8d4e434-0143-4353-8866-42bc29e99ceb,bedamn.work,available,2.99,16.99,low,low,6,name.com,,,13/08/2026 16:21
49a04909-d4f8-4ae4-8cc2-884dbde6cddd,wedged.work,available,2.98,17.98,medium,low,6,namecheap,,,21/08/2026 21:38
5f7ecb74-74a6-4736-a956-c50401c4e618,tricks.work,premium,1300,13,medium,low,6,namecheap,,,25/09/2026 17:54
c4c07f84-974d-4a5f-a8ca-fea8b9d93644,steamed.work,available,2.98,17.98,high,low,7,namecheap,,,
12d920ef-ef12-485b-bde3-9e69da3610b0,vibrate.work,available,2.98,17.98,high,low,7,namecheap,,,30/09/2026 20:16
d23403f9-d242-4fd9-b861-156af45cdfb2,comet.work,premium,258.95,10.55,high,low,5,spaceship,,,29/09/2026 00:28
ae9bb98a-da48-478d-87da-75415b6e3fd2,arras.work,available,2.99,12.99,medium,low,5,namesilo,,,20/09/2026 08:49
58199a8b-f9f6-4b45-a177-eeb770f03a37,burglar.work,premium,130,13,medium,low,7,namecheap,,,30/09/2026 00:56
bce9d12b-51a3-48c1-a619-6104c234cd26,sodden.work,available,2.98,17.98,medium,low,6,namecheap,,,10/09/2026 13:24
1e9076ac-2b8d-4709-9b9c-c736edffe5ce,puissant.work,available,2.98,17.98,medium,low,8,namecheap,,,09/09/2026 05:53
d774cbbe-8b63-4e37-bcd3-7ead4f6b72c6,bicentric.work,available,2.98,17.98,medium,low,9,namecheap,,,09/08/2026 19:09
2eb7e1ad-d018-447b-8ec5-de9e36f1394b,rectal.work,available,2.98,17.98,medium,low,6,namecheap,,,09/09/2026 11:51
249fd906-6724-4413-b1b8-2c051573a19e,lengthy.work,premium,116,11.8,medium,low,7,namesilo,,,14/08/2026 18:32
8b015c9d-8cbc-4a13-98a2-8a285caf0f28,anouilh.work,available,2.99,12.99,medium,low,7,namesilo,,,19/09/2026 11:52
94b056a1-5450-4f8b-990c-c66db515c436,discreet.work,premium,53.92,11.8,high,low,8,namesilo,,,12/08/2026 08:23
076ca69e-5f72-4682-8ce7-9abc30ed0515,lengths.work,available,10.2,10.2,low,low,7,cloudflare,,,29/09/2026 05:45
aefcb4b6-35df-485b-9c59-dd177abd859d,albee.work,available,2.99,12.99,medium,low,5,namesilo,,,18/09/2026 02:31
6774de4c-3ed1-4384-bfbd-c070db9809f3,proclaiming.work,available,10.2,10.2,high,low,11,cloudflare,,,01/10/2026 23:56
b5c3d6e1-6817-492b-bb58-67b1ead7adb3,fruiting.work,available,2.98,17.98,medium,low,8,namecheap,,,18/08/2026 17:04
82827b7f-7fae-4a6d-9c39-7b986aede915,baseness.work,available,2.98,17.98,medium,low,8,namecheap,,,22/09/2026 10:25
b2ab004e-3ca5-438e-8a71-716e3edd0ba0,pyrrhic.work,available,2.98,17.98,medium,low,7,namecheap,,,09/09/2026 07:12
9fb33753-3059-442a-b371-58bf9ae24dfa,generously.work,available,2.98,17.98,high,low,10,namecheap,,,14/09/2026 21:14
b11263e3-9fbc-48d7-bab1-221701fe0d86,cummings.work,premium,29.5,11.8,medium,low,8,namesilo,,,25/09/2026 04:27
c22f6018-38e2-443d-bc60-34a0276fd887,fatah.work,available,2.99,12.99,medium,low,5,namesilo,,,18/09/2026 00:27
2eee5219-021a-44f7-9506-8f2bcf99b652,pickled.work,available,2.98,17.98,high,medium,7,namecheap,,,08/09/2026 19:30
f6032ab6-c083-4bcd-877c-8c890cc07a65,pansy.work,premium,224,11.8,medium,low,5,namesilo,,,09/09/2026 08:07
8e9cea2c-3e74-408e-9df6-5a64def523e4,impostor.work,available,2.98,17.98,medium,low,8,namecheap,,,09/09/2026 04:59
da7d34e0-e2fd-4964-a983-dadfe0c0b499,pathway.work,resell,,,high,low,7,,,,29/09/2026 06:59
6410594f-b438-4d4f-b0db-0aea82c3fd11,seamed.work,available,2.98,17.98,medium,low,6,namecheap,,,10/09/2026 00:45
66bab75a-61dc-4f87-949a-880c0cc09f45,airway.work,available,2.99,12.99,high,low,6,namesilo,,,17/09/2026 22:13
276dc96e-c386-4065-a775-e3a1b6d81f81,scuffle.work,available,2.98,17.98,high,medium,7,namecheap,,,09/09/2026 18:54
28137afb-f3b8-43a8-a930-76188ed1bd64,sleekly.work,available,2.98,17.98,medium,low,7,namecheap,,,16/09/2026 02:30
4166eac8-9869-43f3-ba4d-62f7ffbb9ece,swishing.work,available,2.99,12.99,high,low,8,namesilo,,,18/09/2026 03:16
ca4aa864-ac0b-4425-b9a1-b4c19f568ee7,razed.work,available,2.98,17.98,medium,low,5,namecheap,,,14/08/2026 01:24
38180349-337e-4741-b685-49ced5964ec4,carnage.work,premium,116,11.8,medium,low,7,namesilo,,,02/10/2026 04:17
40d2ddcb-f65a-4f91-b407-39e8d5d19131,contrabass.work,available,2.98,17.98,medium,low,10,namecheap,,,12/08/2026 23:28
bdc68d4a-9952-4df2-8595-4793001a626a,climax.work,resell,,,high,low,6,Xin Net Technology Corporation,16/03/2025 01:40,16/03/2028 01:40,26/09/2026 04:59
f98c761d-bfc5-4760-80e5-4705d6245545,cuffs.work,available,2.99,12.99,medium,low,5,namesilo,,,30/09/2026 14:55
0fb0d30a-b30c-4108-b606-1157c69ee841,sufferer.work,available,2.99,12.99,medium,low,8,namesilo,,,24/09/2026 22:36
eabeef99-8846-4f99-80b8-00b2d45ad628,designers.work,premium,325,13,high,low,9,namecheap,,,01/10/2026 18:23
f581abdc-943e-434b-a88b-be12b66457ca,idf.work,premium,325,13,medium,low,3,namecheap,,,28/09/2026 14:30
cefef045-4d1f-4053-b703-d8a366cfa4b0,betty.work,premium,776.45,10.55,high,low,5,spaceship,,,30/09/2026 03:40
342a2e70-8dd5-49fa-8063-da01838a57ea,wilt.work,available,14,,medium,low,4,unstoppable,,,30/09/2026 19:06
c43f5495-8585-4fad-9d62-e74391985aa5,prophetic.work,available,2.98,17.98,high,low,9,namecheap,,,09/09/2026 03:36
47c3881b-2163-4813-8c2b-fee619a4c09b,vanquished.work,available,1.75,10.58,medium,low,10,spaceship,,,02/10/2026 02:55
ecb2f799-84cc-4ef1-87c8-e8d23cd1751d,trenchant.work,available,2.98,17.98,medium,low,9,namecheap,,,12/08/2026 10:33
d8135ffa-f62d-42f0-a5d8-c9e35e17af3b,seq.work,premium,250.5,,high,low,3,unstoppable,,,30/09/2026 13:17
98cbdffc-f212-4ecd-adb3-401fab4cef45,tyke.work,available,2.98,17.98,medium,low,4,namecheap,,,25/08/2026 00:14
73717faf-b6a6-4f7f-943a-28ef57bb903b,pity.work,available,2.99,12.99,high,low,4,namesilo,,,23/09/2026 16:56
d7ff04a5-351e-41a5-b6d5-5ed398addd75,kamehameha.work,available,2.99,12.99,medium,low,10,namesilo,,,30/09/2026 12:36
900c267e-dd13-4204-a18e-6c2fc70d65b1,risc.work,available,1.75,10.58,high,low,4,spaceship,,,02/10/2026 06:13
d369ca6f-d77d-496b-a93f-108adffdca5d,mandarin.work,premium,116,11.8,high,low,8,namesilo,,,23/09/2026 04:17
33f0fdcd-474b-41a4-ab68-a39740b67d97,umbilicus.work,available,2.99,12.99,medium,low,9,namesilo,,,23/09/2026 06:37
5198b906-a03f-4bdd-8eec-b1d1689b9067,febrile.work,available,2.98,17.98,medium,low,7,namecheap,,,18/08/2026 00:27
2cd583b6-a224-4103-87f4-657340e0e790,revolve.work,premium,116,11.8,high,low,7,namesilo,,,01/10/2026 03:10
858dbcc8-7222-4e95-aa66-f3fa8e0cb0aa,phoebus.work,available,2.99,12.99,medium,low,7,namesilo,,,19/09/2026 18:43
cb9a7116-698e-49de-9020-83edfe044e82,depending.work,available,2.99,12.99,medium,low,9,namesilo,,,27/09/2026 22:26
fc1767a5-d86d-40c7-b62b-79e176daa2da,sycamore.work,resell,,,high,low,8,"NameSilo, LLC",26/05/2022 19:29,26/05/2027 19:29,26/09/2026 09:28
f64b50e6-27b7-4627-8262-6878e6c141f2,custer.work,available,2.99,12.99,medium,low,6,namesilo,,,28/09/2026 01:44
f8391f2e-59b5-4e7a-904b-eea3b8c1c7c4,engagements.work,available,14,,medium,low,11,unstoppable,,,30/09/2026 07:14
0dc6cf84-ab75-4746-b445-c10779937ddf,materially.work,available,2.98,17.98,medium,low,10,namecheap,,,15/09/2026 13:37
193302f2-7a57-4d2d-9102-5f74dbe1e1be,oxnard.work,premium,26.08,10.55,medium,low,6,spaceship,,,02/10/2026 00:45
5ca07cd3-d8c2-4b65-bf33-a66f955753fa,apothegm.work,available,2.98,17.98,medium,low,8,namecheap,,,19/09/2026 17:10
1d989458-5158-493a-a590-bf0eb571dae0,metamorphism.work,available,1.75,10.58,medium,low,12,spaceship,,,30/09/2026 23:25
e01013e5-1ffa-41fc-961c-2d2f76110152,became.work,available,2.99,12.99,medium,low,6,namesilo,,,
9b03f1d3-42ba-462d-aff8-58d1a07743b9,verbally.work,available,2.99,12.99,medium,low,8,namesilo,,,16/09/2026 10:50
237192d5-8b57-4eab-b224-35baf9df1d8c,voidable.work,available,2.98,17.98,medium,low,8,namecheap,,,09/09/2026 14:47
2205d771-032c-4106-928d-ab7776b7e78a,unforgettable.work,resell,,,high,low,13,,,,01/10/2026 05:39
e4f11130-825f-4d2f-b0cb-4b249f493c85,bomb.work,premium,3450,11.8,high,low,4,namesilo,,,29/09/2026 03:18
53c08918-ce47-4fab-bec8-f1f00775363f,geese.work,available,2.99,12.99,medium,low,5,namesilo,,,
b37ec61f-8052-4ca4-98c6-0ecb88fe39c4,wizard.work,resell,,,high,medium,6,West263 International Limited,20/03/2020 14:59,20/03/2027 14:59,26/09/2026 10:12
35d9af8f-897e-4325-93ff-54b3577206e4,rinse.work,available,1.75,10.58,high,low,5,spaceship,,,01/10/2026 03:30
be6f6241-94e5-4374-854b-d3a3b4b649f3,spastic.work,available,2.98,17.98,medium,low,7,namecheap,,,13/08/2026 00:06
0619acf0-d527-4769-8d57-19c32c5ece8b,cislunar.work,available,2.98,17.98,medium,low,8,namecheap,,,12/08/2026 08:30
37bd632a-49ca-41b8-8b9c-a832d54cdd89,trippingly.work,available,2.98,17.98,medium,low,10,namecheap,,,15/09/2026 11:20
3c8ec4de-775d-4258-9a4a-7d0930562250,doorbell.work,available,10.2,10.2,medium,low,8,cloudflare,,,29/09/2026 22:59
3fecd293-db0f-4c68-a741-4ef34298b330,issued.work,premium,273.44,11.44,low,low,6,porkbun,,,28/09/2026 08:22
51d70f01-aca3-4479-be94-ccf5f487b77c,consume.work,available,10.2,10.2,high,low,7,cloudflare,,,29/09/2026 02:37
848ae07c-a217-4100-868b-aed16d8afeb1,chiseled.work,available,2.98,17.98,medium,low,8,namecheap,,,12/08/2026 06:05
5640d0d8-0206-4a5a-a7ef-e55011262fde,mortgage.work,resell,,,high,low,8,,,,28/09/2026 06:56
3c46e842-205d-4549-9c45-87ce192801b3,goosy.work,available,2.98,17.98,medium,low,5,namecheap,,,14/08/2026 16:07
ba983b78-b1d3-4348-ae99-8d8ba55befe1,xxix.work,available,2.98,17.98,medium,low,4,namecheap,,,
4ab25a0d-d15f-4ea5-8ce9-cc5b1e65b28e,paroxysmal.work,available,2.98,17.98,medium,low,10,namecheap,,,08/09/2026 01:54
afe554c9-1679-48f2-8dcb-c8fc7bc1c9bb,filipino.work,premium,625,16.99,high,low,8,name.com,,,18/08/2026 04:19
bed5e488-0243-475e-b803-76160fe9062d,untainted.work,available,2.98,17.98,medium,low,9,namecheap,,,10/09/2026 18:22
467f0e60-ff2c-40c9-8222-0ff0d4334532,homeric.work,available,2.98,17.98,medium,low,7,namecheap,,,08/09/2026 09:34
c9e3346f-811a-4156-9c58-58619bb56e7f,vampire.work,premium,116,11.8,high,low,7,namesilo,,,30/09/2026 01:58
10dbdfa4-3e93-433f-a623-b9a8b168c8f4,shlomo.work,available,1.75,10.58,medium,low,6,spaceship,,,02/10/2026 00:33
c455788d-465a-403a-9353-cbac9bae5b0f,lobes.work,available,2.99,12.99,medium,low,5,namesilo,,,01/10/2026 17:10
09102e9e-19c2-4c58-9a78-7ea22be78d8a,austerity.work,available,2.99,12.99,medium,low,9,namesilo,,,21/09/2026 04:40
f932987b-2164-49b8-a7a9-436bea2338d4,ellicott.work,available,14,,medium,low,8,unstoppable,,,01/10/2026 12:35
a906c51a-b0ee-457f-a2c1-e9b8fdb6f3d3,chirping.work,available,1.75,10.58,high,low,8,spaceship,,,01/10/2026 23:22
05bf1ee6-6be5-4c7b-ac4f-e8af6c600096,unbecoming.work,available,2.98,17.98,medium,low,10,namecheap,,,22/08/2026 02:19
df942bf4-501a-4c85-8e4f-c0c4505dca3a,uncultivated.work,available,2.99,12.99,medium,low,12,namesilo,,,01/10/2026 05:35
45e706e9-58c4-4332-84bc-51a41cae16a0,starch.work,available,2.99,12.99,high,low,6,namesilo,,,19/09/2026 00:32
064e9086-4a58-400d-98cb-169e68b61e91,fallout.work,available,14,10.58,medium,low,7,unstoppable,,,02/10/2026 01:22
9632ddfa-2325-4c57-a2fc-2737912eac2c,effort.work,premium,103.7,10.55,high,low,6,spaceship,,,01/10/2026 03:08
8b716b5a-ca23-4146-a73b-d36c18fdc404,caa.work,premium,258.95,10.55,high,low,3,spaceship,,,28/09/2026 03:29
c156eec6-6922-412b-b873-c24a3710bc49,knocked.work,available,2.98,17.98,low,low,7,namecheap,,,25/09/2026 18:45
9af62bbb-79a5-4821-91e3-99787bd85dad,emerald.work,premium,1300,13,high,low,7,namecheap,,,28/09/2026 19:05
84707d39-5f37-4e89-8ad1-f62728df8f18,oils.work,premium,,,medium,low,4,,,,30/09/2026 00:28
582a3344-79f3-4acf-9023-64061efd6c2c,sable.work,premium,302.5,11.8,high,low,5,namesilo,,,14/08/2026 23:11
41e357af-f44d-458e-8a09-dbc80b55071c,drafts.work,premium,275,10.92,medium,low,6,dynadot,,,01/10/2026 18:07
7da2f6ba-47d0-4413-81e5-95765ee3dceb,indications.work,available,2.99,12.99,medium,low,11,namesilo,,,30/09/2026 07:15
2a5628b0-1625-49ac-8d62-3400a5e4a3d4,colonial.work,premium,116,11.8,high,low,8,namesilo,,,12/08/2026 17:20
49830d0d-cb70-4a7e-bab6-a67cb56b8855,loveliness.work,available,2.98,17.98,high,low,10,namecheap,,,22/09/2026 22:21
91d87ec4-3d36-41d5-94c9-f0cb87a3431a,shuttle.work,resell,,,high,low,7,,,,27/09/2026 15:53
0f7e5a6a-479a-4238-b40b-495d25adfa65,placate.work,available,2.98,17.98,high,low,7,namecheap,,,18/08/2026 22:12
75e7edf0-5497-4848-8c66-c46a139481e7,affiliate.work,resell,,,high,low,9,"GoDaddy.com, LLC",10/02/2015 16:00,10/02/2027 16:00,28/09/2026 19:17
463d071e-76d7-4a09-aeb6-c949822a1bea,finer.work,resell,,,high,low,5,"GoDaddy.com, LLC",27/03/2018 17:51,27/03/2028 17:51,26/09/2026 06:05
33276403-26f2-4186-8cf4-f0cabe2d7131,perfume.work,premium,640,11.8,high,low,7,namesilo,,,27/09/2026 04:02
4d1b2dc6-ed76-4648-90c9-54a1507ff965,balmoral.work,available,2.98,17.98,high,low,8,namecheap,,,21/09/2026 23:39
033981bc-5290-4561-907f-7845aea45cfd,aesthete.work,available,2.99,12.99,medium,low,8,namesilo,,,17/09/2026 13:35
136ffd41-9e46-41db-b80e-5738076cf4ae,anguis.work,available,2.99,12.99,medium,low,6,namesilo,,,19/09/2026 07:34
ff3704d3-9d91-4a35-8ba8-0cbfa81f6016,squeaky.work,available,2.98,17.98,medium,low,7,namecheap,,,10/09/2026 00:04
91acd38e-ca57-49ea-9cf8-72bbe91705ba,honeymooning.work,available,2.99,12.99,high,low,12,namesilo,,,21/09/2026 06:04
8ecd26c8-dc6b-4faf-a499-bced00ec5098,ballyrag.work,available,2.98,17.98,medium,low,8,namecheap,,,11/08/2026 08:57
f425d159-b5b0-4dac-a06c-579a66816708,pittsburgh.work,premium,640,11.8,high,low,10,namesilo,,,30/09/2026 06:55
d2576182-0e8a-4f2d-a75b-9ed69aab7f69,proposals.work,available,1.75,10.58,medium,low,9,spaceship,,,30/09/2026 00:25
adb5eb8b-e3c4-4ee2-b1df-a69a1897401f,lorna.work,premium,,,medium,low,5,"GoDaddy.com, LLC",16/11/2020 17:07,16/11/2026 17:07,29/09/2026 15:29
a9a5e472-cc71-40e3-825a-6c5b7280547c,imminent.work,available,2.98,17.98,medium,low,8,namecheap,,,21/08/2026 20:55
6481d286-a9a1-4b4f-b68e-5c42507c476b,thus.work,premium,6900,11.8,high,low,4,namesilo,,,28/09/2026 15:12
fc66500e-b7a5-482f-8b17-d9464d1c8dc2,bbl.work,premium,325,13,high,low,3,namecheap,,,22/09/2026 18:32
db649352-e3f6-42ad-afc5-d165e935e631,garcia.work,premium,130,13,high,low,6,namecheap,,,25/09/2026 20:50
b31c3d0f-cdc3-46bc-907a-f1a96dcf5a4b,flares.work,available,2.99,12.99,medium,low,6,namesilo,,,01/10/2026 00:40
17abcb3b-7006-4e78-89c8-fb9fe48af166,paine.work,available,2.99,12.99,medium,low,5,namesilo,,,29/09/2026 13:38
a767f7f9-c1da-4447-b9cc-04a0b3e18661,diffused.work,available,2.98,17.98,medium,low,8,namecheap,,,14/08/2026 07:08
718f2c59-59a4-4cb5-acdb-180405d66e13,impression.work,premium,53.92,11.8,high,low,10,namesilo,,,29/09/2026 23:38
1a6d62d0-fac5-4aa5-9be1-64679acedd46,impaired.work,available,2.98,17.98,medium,low,8,namecheap,,,21/08/2026 21:40
e5dadc83-ed03-45ff-94e8-88a492540717,oily.work,premium,218.75,16.99,medium,low,4,name.com,,,11/08/2026 11:42
ebba8ae0-483c-41a6-8dc2-cbe4009531a3,horowitz.work,available,10.2,10.2,medium,low,8,cloudflare,,,28/09/2026 10:06
41c1db9c-10ee-4cb0-bd9d-5234451287dd,zoe.work,premium,,,high,low,3,,,,27/09/2026 18:59
8a860f25-88d0-4af2-812e-80057baf2f42,hussain.work,premium,103.7,10.55,medium,low,7,spaceship,,,29/09/2026 09:29
a651c810-251a-4b8a-9ad7-474f5048699f,beleaguer.work,available,2.99,12.99,medium,low,9,namesilo,,,21/09/2026 17:03
2f106458-3f4f-4fe0-93a6-01385e32d24f,imaginable.work,available,2.99,12.99,high,low,10,namesilo,,,23/09/2026 18:44
d7af0d2e-8fb5-4f3d-80c2-f922cda0c000,carryforward.work,available,2.99,12.99,medium,low,13,namesilo,,,16/09/2026 06:47
55031a56-b43a-48b2-98fb-79cba8ce2827,compilation.work,available,2.99,12.99,high,low,11,namesilo,,,
95293a0b-2931-4061-a7c9-ec393c6fbdda,ingredient.work,available,2.99,12.99,high,low,10,namesilo,,,24/09/2026 16:51
f9af723f-0233-440a-b2e3-e6f42d2eb4fb,impudent.work,available,2.98,17.98,medium,low,8,namecheap,,,18/08/2026 08:23
d7afb24e-8730-426a-8f3e-f49ecb9651ce,impound.work,available,2.98,17.98,high,low,7,namecheap,,,12/08/2026 21:04
d824f173-fab9-41c2-8785-ef897ae65bf4,roundabout.work,available,2.98,17.98,medium,low,11,namecheap,,,12/08/2026 08:20
e5a92501-e01f-423c-a574-ce06033acef2,snub.work,premium,224,11.8,high,medium,4,namesilo,,,10/09/2026 12:47
eeb3ccd8-7c27-4f65-b4f2-912c641536a3,appropriate.work,available,2.98,17.98,high,low,11,namecheap,,,25/09/2026 11:22
705dd8bd-d525-4ce6-b269-d33df3b45194,apoplexy.work,available,2.98,17.98,medium,low,8,namecheap,,,19/09/2026 19:09
cb062cf9-3d81-4be4-90b8-464c7c22a879,falling.work,premium,116,11.8,high,low,7,namesilo,,,14/08/2026 19:49
cb67ac49-fabd-496a-b9a3-7077be100eb5,untrustworthy.work,available,2.99,,low,low,13,name.com,,,
a26e6113-fe35-458a-b381-14bed684ff7b,chromosomes.work,available,14,,medium,low,11,unstoppable,,,01/10/2026 00:36
3477386a-c3d6-483f-ba8f-a801da08f90d,unheard.work,available,2.98,17.98,medium,low,7,namecheap,,,12/09/2026 12:10
39a04b79-8f31-4be7-88ad-22e2c59c0bf6,shouted.work,available,10.2,10.2,high,low,7,cloudflare,,,27/09/2026 21:20
c0c02c32-140f-4cc9-9d95-bd5f1f31f7dd,acceptor.work,available,2.99,12.99,high,low,8,namesilo,,,16/09/2026 22:02
8ad521d5-b563-412a-9388-4c0321c573c8,tasking.work,resell,,,high,low,7,"GoDaddy.com, LLC",25/03/2018 06:39,25/03/2028 07:39,01/10/2026 23:59
302baf86-9a4b-4376-b603-b03e56d03e1a,wind.work,resell,,,high,low,4,"Xiamen ChinaSource Internet Service Co., Ltd",23/04/2021 16:00,23/04/2027 16:00,28/09/2026 10:39
2f571cb1-a542-4cb6-85b9-e09e3c0d69d5,obliging.work,available,2.98,17.98,high,low,8,namecheap,,,12/08/2026 19:27
807169ea-93c1-4907-a0a1-251d3724f622,eis.work,premium,640,11.8,high,low,3,namesilo,,,29/09/2026 16:22
41bbeadb-ed4d-483d-bd73-579c46346598,vlad.work,premium,3450,11.8,high,low,4,namesilo,,,02/10/2026 00:50
bc557490-7ac7-4e98-a21f-33ec0730010c,meigs.work,available,2.99,12.99,medium,low,5,namesilo,,,30/09/2026 05:37
0d9bbb4c-2067-42d5-82f0-a1faaf22ea61,inches.work,premium,1107,11.8,low,low,6,namesilo,,,25/09/2026 20:47
67372800-48f0-4ab2-a806-203189015439,apanage.work,available,2.99,12.99,medium,low,7,namesilo,,,19/09/2026 16:12
bb4174e0-50fd-47c7-9b5e-ef81808c556b,destroys.work,available,1.75,10.58,low,low,8,spaceship,,,29/09/2026 05:36
0acf22f6-d59b-4b5e-b16b-11aaae28e9f2,sod.work,premium,325,13,medium,low,3,namecheap,,,24/09/2026 11:02
926d0d69-5f86-4e92-b191-70eb05731a24,glance.work,premium,109.69,11.44,high,low,6,porkbun,,,29/09/2026 11:47
99e040f6-6093-44d9-9ac1-a2522bf9c6df,fallible.work,available,2.98,17.98,medium,low,8,namecheap,,,17/08/2026 21:30
9d9ac984-953d-43c1-a0f3-32c411a6d959,fevered.work,available,2.98,17.98,medium,low,7,namecheap,,,18/08/2026 03:07
6866e7d8-88e4-4eef-bf75-ee98c46360fb,unaccented.work,available,2.98,17.98,medium,low,10,namecheap,,,11/09/2026 23:32
f8b18225-a58d-4dd3-993f-c28209c2a215,bevan.work,premium,175.5,,medium,low,5,unstoppable,,,29/09/2026 21:45
823bf551-6da8-40cf-aa8b-3a1b638e0f69,detectives.work,premium,55.11,11.44,medium,low,10,porkbun,,,28/09/2026 05:09
9b5a5009-1b6a-43d9-a1c9-747894e880df,gesellschaft.work,available,2.99,12.99,medium,low,12,namesilo,,,28/09/2026 23:30
3abd35fe-e5c2-41b7-9af3-26b36509f609,easiest.work,available,1.75,10.58,medium,low,7,spaceship,,,28/09/2026 23:51
d2beb03e-855f-40c9-8300-ce536f48cd43,intervention.work,available,2.99,12.99,high,low,12,namesilo,,,29/09/2026 04:42
57ec5eb2-7620-4f49-b094-45e33579d76a,stationery.work,premium,32.5,13,high,low,10,namecheap,,,02/10/2026 06:29
c954353a-108b-4551-945d-15b99e7bfa7f,leeward.work,available,2.98,17.98,medium,low,7,namecheap,,,22/08/2026 22:34
91a0f4e2-5afe-484b-a57b-29953cf613e3,yehuda.work,available,1.75,10.58,medium,low,6,spaceship,,,01/10/2026 09:59
984aa0a4-a153-423a-b2d1-fb6fce32e0ed,analysts.work,available,2.98,17.98,medium,low,8,namecheap,,,30/09/2026 07:46
24c81de8-598e-42ba-929e-de5c4096f6e2,abnegation.work,available,2.99,12.99,medium,low,10,namesilo,,,16/09/2026 16:16
ac64a638-52c7-44f4-ab52-e77388855a2b,raucous.work,premium,116,11.8,high,medium,7,namesilo,,,09/09/2026 10:38
c4f56fa6-7704-4bf2-b2c3-d04e84cded04,restraining.work,available,1.75,10.58,medium,low,11,spaceship,,,29/09/2026 03:20
025afd86-512a-424b-90a9-8a473c550ee2,slam.work,premium,302.5,11.8,high,low,4,namesilo,,,28/09/2026 13:22
19bede34-6e87-470f-ad5f-05c3c9f1df7d,convexly.work,available,2.98,17.98,medium,low,8,namecheap,,,14/09/2026 08:39
f2d8aa72-faa5-4db1-a404-c016d58c3317,nonuple.work,available,2.98,17.98,low,low,7,namecheap,,,03/09/2026 17:30
ee1892a7-8088-46bf-95be-9daf79a60a57,straight.work,resell,,,high,low,8,"Xiamen ChinaSource Internet Service Co., Ltd",25/01/2026 00:00,25/01/2027 00:00,26/09/2026 09:20
b0bf222b-fbe0-4f06-aa14-f28e4245fafc,deprived.work,available,2.98,17.98,medium,low,8,namecheap,,,14/08/2026 02:45
1e70b993-a2c5-45e9-92ed-4d636b99b8a0,acerbity.work,available,2.99,12.99,medium,low,8,namesilo,,,16/09/2026 23:41
1050921b-c4ac-4e7e-810d-93b613e21883,beings.work,premium,130,13,medium,low,6,namecheap,,,27/09/2026 02:57
2f8a9c2d-5d89-4e52-9d07-8501405fd0e9,rabbinic.work,available,2.98,17.98,medium,low,8,namecheap,,,09/09/2026 09:14
75c1a87c-333b-46f5-acd8-4ab322fe7679,prodromic.work,available,2.98,17.98,medium,low,9,namecheap,,,09/09/2026 02:46
5095c104-ce34-4412-9ea1-568b98264dfb,traders.work,premium,312.5,,high,low,7,name.com,,,
9c84d2a7-3852-450f-a2e8-0043481cd584,contention.work,available,2.99,12.99,medium,low,10,namesilo,,,20/09/2026 04:48
e9977edf-c42d-4bdb-815b-f84cd00b5e77,caddish.work,available,2.98,17.98,low,low,7,namecheap,,,11/08/2026 12:43
bae6f014-a2b4-47d8-a8ea-118825519eb7,qualitative.work,available,10.2,10.2,high,low,11,cloudflare,,,30/09/2026 21:34
541bbfc1-b29a-4d03-96ec-56f0712b5646,swimsuits.work,available,16.99,16.99,medium,low,9,name.com,,,18/09/2026 15:44
c918fd64-08a7-4566-82ee-8ff9c791fbcd,strawberries.work,available,1.75,10.58,medium,low,12,spaceship,,,29/09/2026 23:41
1f9527af-d80c-47df-b0ac-b173a50a45eb,limbless.work,available,2.98,17.98,medium,low,8,namecheap,,,23/08/2026 12:35
58d8651f-7e01-4e4b-8b8d-bce492bc9c2f,advertisement.work,premium,3125,,high,low,13,name.com,,,
e1ad545a-6b07-44a4-8cdc-6f02a80e3ffb,ebionite.work,available,2.98,17.98,medium,low,8,namecheap,,,14/08/2026 23:04
bbb7b09a-3ebf-44be-910e-5747b1d0c4d2,arrears.work,available,2.99,12.99,medium,low,7,namesilo,,,20/09/2026 08:55
2406a60c-27ed-40d8-9898-742bea1eb39e,hedonistic.work,available,2.98,17.98,medium,low,10,namecheap,,,21/08/2026 05:56
cd7ea379-8e71-41d5-9675-60b25ce45da6,evanescent.work,available,2.98,17.98,medium,low,10,namecheap,,,17/08/2026 14:37
145aa075-7c6b-4a58-a9c3-435122d8cb77,aus.work,premium,258.95,10.55,high,low,3,spaceship,,,27/09/2026 18:53
c5ca46cb-3758-45a5-a63a-84bc1170a2e1,rosy.work,premium,302.5,11.8,high,low,4,namesilo,,,18/08/2026 09:27
95ac57b6-d807-4ca5-9c27-5d4fddc2ebba,ellis.work,premium,32.5,13,high,low,5,namecheap,,,25/09/2026 20:56
ffd11b7c-8214-45c6-b1e2-2da10d0feb25,exhaustive.work,available,2.98,17.98,medium,low,10,namecheap,,,17/08/2026 17:08
f2855006-bb8b-4911-bee9-3653905ce8f3,undigested.work,available,2.98,17.98,medium,low,10,namecheap,,,12/09/2026 08:01
838cc249-b51c-47f3-98a9-27bb5941a2be,dubai.work,resell,,,high,medium,5,,,,28/09/2026 13:55
ea49e7e0-f460-4933-8f52-580ca683a177,masoud.work,premium,130,13,medium,low,6,namecheap,,,17/09/2026 20:25
25d0f98f-a258-4067-aa66-86767a47a9a2,curiosity.work,resell,,,high,low,9,Sav.com LLC,25/03/2026 07:29,25/03/2027 07:29,29/09/2026 13:03
a5ba9bd0-dc8e-4612-a8ec-7ac65c284986,pushup.work,available,2.99,,high,low,7,name.com,,,
772153fc-9578-47bc-82a0-bdfd1a236c97,parisian.work,available,2.98,17.98,high,low,8,namecheap,,,08/09/2026 01:34
bcc90a33-2dff-4c73-ba46-a6a845d5c25b,bathos.work,available,2.99,12.99,medium,low,6,namesilo,,,22/09/2026 13:49
e7cfccfc-08df-49f6-a40e-bbadfb44f63d,tampa.work,premium,2750,10.92,high,low,5,dynadot,,,29/09/2026 20:28
f52dee2c-2898-4508-82ed-40019e8977de,swinburne.work,available,2.99,12.99,medium,low,9,namesilo,,,18/09/2026 07:03
d58a363b-7148-4650-8afd-8d6300abd52c,stratigraphy.work,available,10.2,10.2,medium,low,12,cloudflare,,,28/09/2026 22:57
f96c5bcb-e3a3-46f4-bcd3-93f0b73ba74f,macho.work,available,2.98,17.98,high,low,5,namecheap,,,11/08/2026 11:31
393ac98a-9a1a-4c52-87dd-546942ecd6e0,shells.work,available,2.99,12.99,medium,low,6,namesilo,,,19/09/2026 01:23
0392d024-f677-40a1-b1ec-320e4ea0816f,unfortunate.work,available,2.99,12.99,medium,low,11,namesilo,,,26/09/2026 03:07
1dc7b630-f822-40fe-9ff9-b139df72d8ce,humoral.work,available,2.98,17.98,medium,low,7,namecheap,,,21/08/2026 15:21
42ae7b01-02ce-4687-8b95-9e928e015972,breakable.work,available,2.98,17.98,medium,low,9,namecheap,,,11/08/2026 02:59
dd6567d4-7f00-4cb8-bd25-11361ef7dd7b,irb.work,premium,,,medium,low,3,,,,29/09/2026 03:06
05e5d501-92bb-495d-ad23-4c820c24e00b,anthozoa.work,available,2.99,12.99,medium,low,8,namesilo,,,17/09/2026 05:01
3cf14001-d8ef-4e4a-bb83-d32c09caa3f2,medially.work,available,2.98,17.98,medium,low,8,namecheap,,,15/09/2026 13:54
ad5b8669-27b6-4f20-a47c-5092b143a5f4,october.work,premium,51.95,10.55,high,low,7,spaceship,,,28/09/2026 02:51
01cfc69f-bbd9-47f3-a840-2ea1508e7476,munificent.work,available,2.98,17.98,medium,low,10,namecheap,,,22/08/2026 21:09
b6598c1a-c61d-4c65-a573-5e6d4879d3df,coexisting.work,available,2.98,17.98,medium,low,10,namecheap,,,12/08/2026 15:32
6dfb790d-870f-40c3-9b66-7708b935f6bf,lipscomb.work,available,10.2,10.2,medium,low,8,cloudflare,,,30/09/2026 17:55
c2f7bfcc-3de5-4161-b1e6-1224f1bb9a35,eyestrain.work,available,2.99,12.99,medium,low,9,namesilo,,,20/09/2026 17:21
5b62f779-d5c0-4f3f-9fd7-0e341fc60697,xia.work,premium,41.6,41.6,medium,low,3,spaceship,,,29/09/2026 22:40
ee9cd364-2741-48ca-8118-1f57a47e17e2,resole.work,available,2.98,17.98,medium,low,6,namecheap,,,10/09/2026 13:33
fa06af06-f0ae-4e1a-bffd-00d8717a41f1,alcahest.work,available,2.98,17.98,medium,low,8,namecheap,,,18/09/2026 03:43
4aa075c7-8c24-4567-b062-f3169916777d,specifically.work,available,2.99,12.99,high,low,12,namesilo,,,26/09/2026 00:54
12fe9bbb-f82c-4d2e-9f5d-ec7ab0a5b08a,abandonment.work,available,2.99,12.99,medium,low,11,namesilo,,,29/09/2026 22:48
7fbc3fe1-fe99-46e3-914a-4de65282188c,sweaty.work,available,14,,high,low,6,unstoppable,,,01/10/2026 22:22
0e7e9085-c0c7-479a-932d-8e6ec80f79bd,vestibule.work,available,2.99,12.99,high,low,9,namesilo,,,19/09/2026 12:47
b3bbaa09-d43b-4c24-8b44-b549e744344d,targets.work,premium,116,11.8,medium,low,7,namesilo,,,18/09/2026 15:18
d254c551-eb5b-479c-842d-0481234bbf38,mirage.work,resell,,,high,low,6,,,,29/09/2026 13:27
f4090e6a-c4df-4996-93c1-970361f0178d,sporadic.work,available,2.98,17.98,medium,low,8,namecheap,,,10/09/2026 16:29
a4c8659c-ea54-47e3-8b4e-d3af8e2c61a1,cabell.work,available,1.75,10.58,medium,low,6,spaceship,,,30/09/2026 08:52
b37bbb38-c995-4ce9-8160-8c4767b79129,agrestic.work,available,2.98,17.98,medium,low,8,namecheap,,,
7777bb7d-8fcb-4766-a597-62404f227a7f,whiny.work,available,2.98,17.98,medium,low,5,namecheap,,,09/09/2026 08:37
dfc776ae-aaad-4864-9d6b-f5f716b7a43c,cityfied.work,available,2.98,17.98,medium,low,8,namecheap,,,12/08/2026 08:49
d76f9837-7822-4f5d-8435-3dbd0282836b,biochemistry.work,premium,29.5,11.8,high,low,12,namesilo,,,30/09/2026 14:26
885f803d-f2ff-4e8b-9fb4-b3ee41580687,madrid.work,premium,2587.7,10.55,high,low,6,spaceship,,,29/09/2026 06:59
72eee36b-7d66-4006-83ff-f4f7bc390590,anxious.work,available,2.99,12.99,medium,low,7,namesilo,,,27/09/2026 21:59
20cabe03-490d-4943-823e-b06da747d926,wwii.work,premium,181.33,10.55,medium,low,4,spaceship,,,28/09/2026 07:36
809f93f6-818e-4018-9776-ca865a96da93,wraps.work,premium,65,13,medium,low,5,namecheap,,,20/09/2026 11:16
48e525f7-6ad3-4de1-9a0e-f205e47da256,elmhurst.work,premium,26.08,10.55,medium,low,8,spaceship,,,02/10/2026 01:13
60a38367-25eb-4b47-a928-dee0bd8f00ae,vandalism.work,available,1.75,10.58,medium,low,9,spaceship,,,29/09/2026 22:58
9f58fc9b-a148-40e1-a28e-514c8b127a0e,lugano.work,available,2.06,10.81,medium,low,6,porkbun,,,02/10/2026 00:46
726cf75f-b749-48c7-b324-40b60ef62879,disregard.work,available,2.98,17.98,high,medium,9,namecheap,,,10/09/2026 12:49
f4723523-6eeb-46a8-9466-95e0e00c94ef,cxl.work,premium,302.5,11.8,high,low,3,namesilo,,,
66920246-1802-4769-82ee-57733b2b09e3,encamp.work,available,2.98,17.98,medium,low,6,namecheap,,,11/08/2026 15:56
04241949-859c-42fe-85c4-0e4a59a9c718,doubtless.work,available,2.98,17.98,high,low,9,namecheap,,,14/09/2026 13:54
c2a28684-ec4a-4cfe-8884-3a5ffb78834e,ali.work,resell,,,high,high,3,Alibaba Cloud Computing Ltd. d/b/a HiChina (www.net.cn),26/05/2016 13:04,26/05/2029 13:04,26/09/2026 03:47
f9256cba-30bc-40d9-b61f-9c6afcbf6adc,adirondack.work,available,2.06,10.81,medium,low,10,porkbun,,,28/09/2026 21:35
7b13b196-9879-4159-a5c7-4df7df18891c,dialog.work,resell,,,high,low,6,"Spaceship, Inc.",23/03/2026 07:45,23/03/2027 07:45,26/09/2026 05:32
78a0e1b1-5053-4524-88d6-edb74525f843,delicately.work,available,2.98,17.98,medium,low,10,namecheap,,,14/09/2026 11:25
1fbd9dc4-9c28-49da-8ca5-a59f6fc1e9f5,invoked.work,available,10.92,10.92,medium,low,7,dynadot,,,02/10/2026 03:36
50e6b4bf-b0d7-46ed-be27-6b887bf646b6,rhett.work,available,10.2,10.2,medium,low,5,cloudflare,,,02/10/2026 00:53
7a3cb703-6e2c-463b-921b-dfe2ff12db7e,roundel.work,available,2.99,12.99,medium,low,7,namesilo,,,19/09/2026 11:05
81cc4565-584e-493b-bcc3-1d45cb6c3cee,taxonomy.work,available,1.75,10.58,high,low,8,spaceship,,,30/09/2026 03:01
77a0c9c8-2967-4d20-9c50-1cab0352569e,bowing.work,available,2.98,17.98,high,medium,6,namecheap,,,10/08/2026 23:25
db348749-65e7-42fa-9a8b-d88bb6f5bf92,exposition.work,available,1.75,10.58,high,low,10,spaceship,,,29/09/2026 18:50
cb954921-b4bc-4a40-a69a-1a07d987049d,nerves.work,available,2.98,17.98,medium,low,6,namecheap,,,27/09/2026 04:51
4915a424-fd76-4618-aa8a-c30057ab6ea2,conn.work,premium,116,11.8,high,low,4,namesilo,,,29/09/2026 14:12
06004563-6744-42fd-a8bf-f5b1fa3f1832,milking.work,available,2.99,12.99,high,low,7,namesilo,,,30/09/2026 23:01
0cf9c3cc-318e-4254-a615-712cd6ac3df5,protects.work,available,1.75,10.58,medium,low,8,spaceship,,,29/09/2026 00:03
7a742223-b053-4860-a1a0-eaeb22d344aa,banked.work,premium,302.5,11.8,medium,low,6,namesilo,,,
b130ed73-b095-4925-9a8e-26762cb747ec,pressured.work,available,2.98,17.98,low,low,9,namecheap,,,01/10/2026 18:34
f5eaba63-0581-4598-81bc-0f36a08894e7,delia.work,premium,302.5,11.8,medium,low,5,namesilo,,,28/09/2026 21:49
0b63123c-a8a8-4999-b1a1-a485a928045b,extinction.work,available,2.98,17.98,medium,low,10,namecheap,,,29/09/2026 13:38
15fa0c5f-971c-4952-8ba4-493bdd853171,faithless.work,available,2.98,17.98,medium,low,9,namecheap,,,17/08/2026 21:14
f17f709d-ab83-4439-be56-848b29e509a0,government.work,premium,3450,11.8,high,low,10,namesilo,,,24/09/2026 22:50
4de76055-076c-4d91-acfb-b202e0ec6d63,distracting.work,available,14,,low,low,11,unstoppable,,,01/10/2026 16:15
74eb4b06-c084-45ca-9022-fd1813d45b8a,wacky.work,available,2.99,12.99,high,low,5,namesilo,,,22/09/2026 08:23
4534097b-9e07-4030-9cff-3e05773cb2a8,monacan.work,premium,29.5,11.8,medium,low,7,namesilo,,,25/08/2026 04:01
c02887da-4cb6-4d81-92e9-9e18eaa7da04,specials.work,premium,26.08,10.55,medium,low,8,spaceship,,,29/09/2026 17:33
dce85640-e4fb-4151-94d2-ecf1fdea78c4,snicker.work,available,10.92,10.92,medium,low,7,dynadot,,,30/09/2026 11:19
16cd8deb-a391-4eed-b3ec-2745aa736501,scout.work,resell,,,high,medium,5,"NameCheap, Inc.",18/08/2023 02:04,18/08/2027 02:04,26/09/2026 08:51
df2918cf-5812-4781-866b-2af3d930f8f1,dispersed.work,available,2.98,17.98,medium,low,9,namecheap,,,14/08/2026 11:56
4967b5ea-cd63-48ac-9713-e4f5fe751531,unusable.work,available,2.98,17.98,medium,low,8,namecheap,,,12/09/2026 21:58
83382217-78f1-47f3-910e-472e7e7d3e52,endwise.work,available,2.98,17.98,medium,low,7,namecheap,,,14/09/2026 15:37
8db1cad6-b734-4506-b1f8-2db3002d7b4e,tribunal.work,available,2.99,12.99,high,low,8,namesilo,,,30/09/2026 01:07
f85b4d35-7a79-42bc-9c18-d22504b3336f,assessed.work,available,10.2,10.2,medium,low,8,cloudflare,,,01/10/2026 00:03
611b143e-1acd-4d82-802c-d748ed7de09b,insensitive.work,available,2.99,12.99,medium,low,11,namesilo,,,29/09/2026 03:19
1f4e6e85-ec8a-4d54-95da-2256f7b49069,quickest.work,available,2.98,17.98,medium,low,8,namecheap,,,14/09/2026 17:48
4be324f0-8c31-4b7c-b668-9c427bb60369,deteriorating.work,available,1.75,10.58,medium,low,13,spaceship,,,29/09/2026 20:55
ee96ba0d-1c50-489a-89dd-c569a65b7ec2,naomi.work,premium,,,medium,low,5,,,,28/09/2026 14:57
610998a9-4775-47a1-9209-87186ecceace,aplysia.work,available,2.98,17.98,medium,low,7,namecheap,,,19/09/2026 17:53
d38ec74d-b988-49c1-8c62-e40d8672bcb3,wrestling.work,premium,258.95,10.55,high,low,9,spaceship,,,29/09/2026 21:30
5c62eca5-70db-44f1-b6da-8fdda1da1e07,unrecorded.work,available,2.98,17.98,medium,low,10,namecheap,,,24/08/2026 07:46
cc6ba668-2a1e-4af5-bcda-694035ccd0ac,aphesis.work,available,2.99,12.99,medium,low,7,namesilo,,,19/09/2026 16:55
8e36413c-d33c-4814-b29e-5a1d75aa0225,bacchante.work,available,2.98,17.98,medium,low,9,namecheap,,,21/09/2026 13:59
8b173974-7371-4fab-9bfa-f6571ce1a119,simian.work,available,2.98,17.98,high,medium,6,namecheap,,,10/09/2026 08:14
4a05390c-b66d-434b-85f1-85cf02d4bde4,sully.work,premium,302.5,11.8,medium,low,5,namesilo,,,24/08/2026 12:51
66385b01-56f7-4309-95d8-a8f23c7d29a2,oiled.work,available,2.98,17.98,medium,low,5,namecheap,,,04/09/2026 01:49
9b0d90bc-3862-45b7-ada0-805f88933de8,firedog.work,available,2.99,12.99,medium,low,7,namesilo,,,19/09/2026 04:06
aec30f44-df88-42b7-a442-da2f7fe33d21,enlist.work,available,10.2,10.2,high,low,6,cloudflare,,,29/09/2026 20:42
05dbbb81-e6e3-4774-8d7e-8e17e2854577,arauca.work,available,16.99,16.99,medium,low,6,name.com,,,20/09/2026 00:22
e636feb4-d459-4d0c-ae17-57256e361066,chaotic.work,premium,1107,11.8,high,low,7,namesilo,,,12/08/2026 02:11
bf384f21-8f0a-45c6-9a9a-e76db407170a,daw.work,premium,275,10.92,high,low,3,dynadot,,,01/10/2026 19:05
7a8feb66-f2f6-4e54-a4e3-50fcebf0d68c,disapproval.work,available,2.99,12.99,medium,low,11,namesilo,,,
a840c0fd-c871-4a6c-99f5-bdc70f4c78b2,blocky.work,available,2.98,17.98,medium,low,6,namecheap,,,10/08/2026 14:53
979958e7-7f35-41d5-8436-a9e84f1f7252,cuzco.work,available,14,,medium,low,5,unstoppable,,,01/10/2026 19:08
a0dd8249-e13b-4bc1-8d3b-1a145d4bffb3,cords.work,available,2.98,17.98,medium,low,5,namecheap,,,24/09/2026 18:14
7ca2a003-bccf-470d-8e97-21a719d4d9a7,amylaceous.work,available,2.98,17.98,medium,low,10,namecheap,,,
c0ba44f6-230e-4343-9577-14e5b20a6c8c,yet.work,premium,3450,11.8,high,low,3,namesilo,,,28/09/2026 11:53
2dbcf2a1-76ae-4680-a855-2f2492521e56,gooey.work,available,2.98,17.98,medium,low,5,namecheap,,,20/08/2026 16:53
15409673-da2d-4869-8046-b0553b370697,pickups.work,available,2.99,12.99,medium,low,7,namesilo,,,20/09/2026 05:31
f293f5e2-da6f-4c55-957a-f1c1f8212d19,roundly.work,available,2.98,17.98,medium,low,7,namecheap,,,14/09/2026 00:45
db5b3ebf-af3e-4aad-8929-67df7a470be3,anthropology.work,available,2.99,12.99,high,low,12,namesilo,,,29/09/2026 16:22
6da36686-790a-40a4-a6f7-c25199c35b2c,exempt.work,available,2.98,17.98,high,low,6,namecheap,,,17/08/2026 17:02
3f24b821-04a9-4378-90f9-ffa1adae9235,lateral.work,premium,47.2,47.2,high,low,7,namesilo,,,22/08/2026 20:34
2e865606-28c5-4431-82f0-705ff4d9ed98,uppity.work,available,2.98,17.98,medium,low,6,namecheap,,,12/09/2026 23:17
82be6f95-06eb-48da-9dc1-61dbe4e428ac,apogean.work,available,2.98,17.98,medium,low,7,namecheap,,,06/08/2026 01:57
b91ebfff-6fa6-4225-84b5-a9ef11d4f456,sahel.work,available,10.2,10.2,medium,low,5,cloudflare,,,30/09/2026 20:57
54eeb1ca-f9d8-4523-a2ad-9a66755cb1a9,myeloid.work,available,2.98,17.98,medium,low,7,namecheap,,,03/09/2026 12:06
437880ad-4f77-4e24-a767-5faf95793766,performed.work,available,2.99,,medium,low,9,name.com,,,
7b67005b-aabf-45a4-92e3-9343da9ff12d,deafened.work,available,2.99,16.99,low,low,8,name.com,,,13/08/2026 19:52
6e08650f-17db-4bb9-b1e4-9ec833f2d349,effie.work,premium,302.5,11.8,high,low,5,namesilo,,,01/10/2026 05:06
c4b5f84c-91d0-428b-8678-c0b6aaa103bb,favored.work,available,2.98,17.98,high,low,7,namecheap,,,22/09/2026 20:01
b598f663-bbcb-4f9f-88b9-25948c02fd82,publicly.work,available,1.75,10.58,medium,low,8,spaceship,,,28/09/2026 15:37
156eae8a-746c-40e0-9605-df5826c1a827,bap.work,premium,302.5,11.8,high,low,3,namesilo,,,22/09/2026 03:20
7dbc9750-ff0d-4bbd-9ea7-7cc8338ae723,upturned.work,available,2.98,17.98,medium,low,8,namecheap,,,04/09/2026 21:58
106183a8-422e-48ae-be4a-784406ae8be0,armored.work,available,2.99,12.99,high,low,7,namesilo,,,22/09/2026 08:00
c86db993-5049-4f33-8edb-674fee94d9df,absorbed.work,available,2.99,12.99,high,low,8,namesilo,,,21/09/2026 14:58
442462dd-9ccc-4aa2-aa8f-43de12642f31,huge.work,premium,53.92,11.8,high,low,4,namesilo,,,25/09/2026 06:09
951f73c8-8c2a-4598-a374-b4919c47133b,queasy.work,available,2.98,17.98,medium,low,6,namecheap,,,24/08/2026 08:26
1cd3d1d6-9f03-463b-94b8-b9a54e0ba513,bessarabia.work,available,1.75,10.58,medium,low,10,spaceship,,,30/09/2026 21:27
6a9100f3-a284-4898-887f-b1e2db36be46,incertain.work,available,2.98,17.98,medium,low,9,namecheap,,,22/08/2026 01:10
cd242971-a85d-478f-8898-79b87c7401e9,hardbound.work,available,2.98,17.98,medium,low,9,namecheap,,,21/08/2026 00:42
4c02818b-a8c4-469a-aba2-92ce2f4f4267,avaram.work,available,2.99,12.99,medium,low,6,namesilo,,,21/09/2026 08:40
ba8edefc-e0ec-43b1-baa1-7b1dfc332732,ferny.work,available,2.98,17.98,medium,low,5,namecheap,,,18/08/2026 02:00
d541689a-392c-4fe0-aebe-1b1ae8859d3d,nurtural.work,available,2.98,17.98,medium,low,8,namecheap,,,03/09/2026 23:07
465ab251-6677-4e2a-a736-f065202418a2,pinochle.work,available,2.99,12.99,medium,low,8,namesilo,,,23/09/2026 12:19
8bb61e5c-df22-4659-83e9-6d2254b290e8,tires.work,premium,53.92,11.8,medium,low,5,namesilo,,,27/09/2026 10:07
4da09f38-5bfa-4035-85fc-060f49c80524,crucial.work,resell,,,high,low,7,"Spaceship, Inc.",16/08/2026 20:56,16/08/2027 20:56,26/09/2026 05:21
856887fb-d479-4bf9-9cb7-ceefdc2685d7,isl.work,premium,258.95,10.55,medium,low,3,spaceship,,,02/10/2026 00:03
9daab50c-c7e9-4e48-914f-0b22115a4ec5,archine.work,available,2.99,12.99,medium,low,7,namesilo,,,20/09/2026 02:10
1b3c5388-2afe-4ff6-8436-dd960bb1638d,roofed.work,available,2.98,17.98,high,medium,6,namecheap,,,09/09/2026 18:33
63121879-15e7-4135-9c38-a03935a5098f,mixes.work,available,2.99,19.99,medium,low,5,godaddy,,,01/10/2026 00:35
c5e8f325-c08f-4377-9d95-b6c711a9d0ad,leicester.work,premium,29.5,11.8,high,low,9,namesilo,,,02/10/2026 05:35
e9ab6aeb-448c-4b49-b58d-533c825f61c5,tight.work,premium,3125,16.99,medium,low,5,name.com,,,09/08/2026 17:09
2012c09f-a891-457c-aa51-df69d756bf8d,kenalog.work,available,2.99,12.99,medium,low,7,namesilo,,,20/09/2026 05:49
ad3d42e1-364e-499c-9530-02795b66f4c4,babinski.work,available,2.99,12.99,medium,low,8,namesilo,,,21/09/2026 12:44
c4bd2820-f12a-453c-9af9-5e3df31e11c9,ceric.work,available,2.98,17.98,medium,low,5,namecheap,,,12/08/2026 00:39
f5714372-10f8-4945-9f93-6e25822b552c,blatant.work,premium,116,11.8,medium,low,7,namesilo,,,10/08/2026 13:31
daf4a0e6-3627-43f3-b57f-db207f57e5d4,soundbar.work,available,2.99,12.99,high,low,8,namesilo,,,02/10/2026 03:28
df3a1264-37ba-4027-8215-e0e15af3010f,blackpool.work,available,1.75,10.58,medium,low,9,spaceship,,,30/09/2026 05:52
d6bfd898-2575-4297-bbc4-272063da04dd,illnesses.work,available,10.2,10.2,low,low,9,cloudflare,,,01/10/2026 18:29
846710c3-a3de-4d41-bcb0-81c3b14fe6ee,defiled.work,available,2.98,17.98,medium,low,7,namecheap,,,13/08/2026 23:24
19e0962a-99ef-4f60-9360-4d15516470af,research.work,resell,,,high,medium,8,"GoDaddy.com, LLC",18/08/2018 07:52,18/08/2028 07:52,01/10/2026 22:53
a889b6e0-bfae-4211-9660-9b8fecf72955,disassemble.work,available,10.92,10.92,medium,low,11,dynadot,,,01/10/2026 23:52
1e79fc7c-8c96-4f22-b64b-cb4971e8a332,jocular.work,premium,116,11.8,medium,low,7,namesilo,,,22/08/2026 12:57
9e74eefc-0b09-4ab9-865a-bf02e311a6f8,designated.work,available,14,,medium,low,10,unstoppable,,,28/09/2026 22:42
28014e67-47e1-497b-bb91-8892c6a3d919,hexangular.work,available,2.98,17.98,medium,low,10,namecheap,,,21/08/2026 07:48
daad9951-7411-4a59-aa8a-7ff46a41b92a,tardy.work,premium,302.5,11.8,low,low,5,namesilo,,,09/08/2026 12:42
fa6ef990-9e4e-4b5b-8d44-756869205680,piscine.work,available,2.98,17.98,high,medium,7,namecheap,,,08/09/2026 20:00
f7f2aca6-ee10-4a26-903c-a8b2b4bcbba3,shadowed.work,available,2.98,17.98,medium,low,8,namecheap,,,10/09/2026 05:25
2d49fdbe-3740-47b4-ac0b-e35901d3afec,fasting.work,available,2.98,17.98,high,low,7,namecheap,,,17/08/2026 23:03
5e532276-9bf6-40bf-9e51-344a688aaf76,skater.work,premium,55,10.92,high,low,6,dynadot,,,01/10/2026 03:43
b29f6122-20c9-47b9-973f-9ef035a85d6d,delusive.work,available,2.98,17.98,medium,low,8,namecheap,,,14/08/2026 00:53
792541a3-2e7b-48dc-bb66-b265d524b704,aristide.work,available,1.75,10.58,medium,low,8,spaceship,,,01/10/2026 09:44
610084b1-9491-4d07-b7c5-8c98f592ea9c,anisotropy.work,available,2.98,17.98,medium,low,10,namecheap,,,19/09/2026 09:38
cb6800a2-d5a9-47f3-90c1-54d7acd291f2,nietzsche.work,available,10.2,10.2,medium,low,9,cloudflare,,,30/09/2026 17:24
fe891fc4-9b2c-44e6-8407-e8aa3521dad8,institutional.work,available,10.92,10.92,medium,low,13,dynadot,,,01/10/2026 06:16
765564c3-4db2-4d28-b3fc-04a5539c225e,afters.work,available,2.99,12.99,medium,low,6,namesilo,,,17/09/2026 15:48
fb8be69a-2b23-411d-afe8-c199be5fb5c4,biographic.work,available,2.98,17.98,high,low,10,namecheap,,,10/08/2026 01:58
75bbd83d-b00f-42a0-ad20-36d07b7b9d96,relapsing.work,available,2.98,17.98,medium,low,9,namecheap,,,09/09/2026 16:17
6bb6dd62-5fae-4e83-afc4-a3c11ff10562,prettier.work,available,2.99,12.99,medium,low,8,namesilo,,,18/09/2026 11:09
673ea85a-7edb-4254-a9a4-af65c28ca098,staffordshire.work,available,1.75,10.58,medium,low,13,spaceship,,,28/09/2026 11:53
b0575bcb-3868-447c-afe7-ca071f595831,hooligan.work,available,2.98,17.98,medium,low,8,namecheap,,,11/08/2026 08:39
1f2fabd4-5ff3-4185-84a4-080480e35250,waterloo.work,premium,650,13,high,low,8,namecheap,,,22/09/2026 16:19
5e539b6b-997f-4a1e-ab09-8dba6f7e1826,palmar.work,available,2.98,17.98,medium,low,6,namecheap,,,04/09/2026 23:58
5fb7a5a8-d50f-4838-8e48-3366485659ab,favorites.work,available,14,,medium,low,9,unstoppable,,,28/09/2026 18:13
552e9521-4ca2-47ad-bf34-ade72c6d7d1f,discreetly.work,available,2.98,17.98,medium,low,10,namecheap,,,14/09/2026 13:04
4c4f8c86-a711-4781-be7f-e258aff238f6,sessile.work,available,2.98,17.98,medium,low,7,namecheap,,,10/09/2026 04:59
8d609218-7af1-4a66-82bc-110ceabf691c,sichuan.work,premium,5175.2,10.55,medium,low,7,spaceship,,,28/09/2026 15:21
c09df5de-c45c-4663-8050-c949a0acfa5e,labelled.work,available,2.98,17.98,medium,low,8,namecheap,,,22/08/2026 17:15
4b648564-c4e7-41cd-9bd7-deb5b8f8b7eb,tuchman.work,available,2.99,12.99,medium,low,7,namesilo,,,22/09/2026 04:24
985cf20f-002c-4f36-8e6b-d2c1a5819d7a,witness.work,resell,,,high,low,7,"Spaceship, Inc.",14/08/2026 20:24,14/08/2027 20:24,26/09/2026 10:12
d25e7c22-8aac-4117-9c48-07c3481fb685,arise.work,resell,,,high,low,5,,,,28/09/2026 10:48
6ada6fe3-70c8-4373-8d72-863309557de1,undated.work,available,2.98,17.98,medium,low,7,namecheap,,,12/09/2026 06:58
ed8e683b-a583-450f-bcab-7d448819ad6c,epirus.work,premium,116,11.8,medium,low,6,namesilo,,,30/09/2026 09:34
4b4f815a-4fbd-4f73-b80a-8e7bfac75a88,apneic.work,available,2.98,17.98,medium,low,6,namecheap,,,06/08/2026 00:40
364513b3-4c04-4a27-aaf9-ddfeee0f6d5e,thundering.work,available,2.98,17.98,high,low,10,namecheap,,,11/09/2026 15:14
92471102-2e0f-4f34-bcd2-b9645cd5b090,roofless.work,available,2.98,17.98,medium,low,8,namecheap,,,14/08/2026 12:09
4004cd49-432d-4115-b235-a714295b241d,yiddish.work,premium,825,10.92,medium,low,7,dynadot,,,01/10/2026 22:05
12d33fc7-9307-42d2-bbdf-52cfc153ab07,rupture.work,available,10.2,10.2,medium,low,7,cloudflare,,,29/09/2026 12:14
8d39ae7e-d68a-4bc8-a8b8-a0d868d6ce20,yob.work,premium,302.5,11.8,medium,low,3,namesilo,,,11/08/2026 08:46
21648c4d-f79e-4eac-899a-2b2c8b830193,allamerican.work,available,10.2,10.2,high,low,12,cloudflare,,,01/10/2026 22:44
7a30a8e7-ea32-4dbc-9aeb-f2e6c4047dfe,paddlefish.work,available,2.98,17.98,medium,low,10,namecheap,,,14/08/2026 20:48
33ff4e1d-5120-49a0-8a37-7e6261e696e0,teach.work,premium,3250,13,high,low,5,namecheap,,,24/09/2026 02:03
d8660f05-2a27-49c3-95b7-7eafe8d109ac,blithesome.work,available,2.98,17.98,medium,low,10,namecheap,,,10/08/2026 14:39
79bd0c35-fef2-4d57-8106-a8b626e69949,gobsmacked.work,available,2.98,17.98,medium,low,10,namecheap,,,20/08/2026 16:00
c02ed163-0cdb-498b-99de-b45f084ebf07,macintosh.work,available,2.99,12.99,high,low,9,namesilo,,,01/10/2026 02:55
6bb8d2d1-52a7-40ff-aa63-626a2aa19b88,deposit.work,premium,250.5,10.4,high,low,7,unstoppable,,,28/09/2026 20:39
6eff5c3f-c70d-44fd-bc56-51507e03659d,indira.work,available,2.06,10.81,medium,low,6,porkbun,,,29/09/2026 22:36
cd4208fb-e5c7-47ff-964d-50b72a6c3e64,macrophages.work,available,2.99,12.99,low,low,11,namesilo,,,28/09/2026 13:24
18530106-ac4f-471e-8a7d-2b27d541d1e7,connell.work,premium,103.7,10.55,medium,low,7,spaceship,,,28/09/2026 22:06
6823b6cb-7f5c-4215-9227-38fff9de2222,attitudes.work,available,2.99,12.99,medium,low,9,namesilo,,,29/09/2026 23:34
77792339-cdc8-457f-b04f-3b43bc937866,mckay.work,premium,32.5,13,high,low,5,namecheap,,,25/09/2026 16:25
a29c81a1-2c28-4d34-8e9b-b84490c2aeb9,katy.work,premium,31.25,,high,low,4,name.com,,,01/10/2026 22:40
23ea118c-35a2-4d5e-ba41-6e391bc5734f,recovered.work,available,2.98,17.98,high,low,9,namecheap,,,13/08/2026 11:06
29459cbf-c8cd-4ad0-9c2a-2042a325c750,commodities.work,premium,103.7,10.55,medium,low,11,spaceship,,,02/10/2026 01:55
94e29f17-eb85-439f-be9a-94ab29181993,sage.work,resell,,,high,medium,4,"Chengdu West Dimension Digital Technology Co., Ltd.",10/02/2021 08:16,10/02/2027 08:16,26/09/2026 08:47
b3a1605a-59a6-4420-a088-16cafa334565,belgian.work,premium,53.92,11.8,medium,low,7,namesilo,,,09/08/2026 12:51
d2a779e4-a0a2-4847-9bda-5f18c4a21088,affecting.work,available,2.98,17.98,high,low,9,namecheap,,,
4b35cc9b-e9fb-40fa-8930-bdc234952d12,beautician.work,available,2.99,12.99,high,low,10,namesilo,,,22/09/2026 22:22
6ac57aba-cb01-4b90-ae5e-8e3f680aac5d,twilit.work,available,2.98,17.98,medium,low,6,namecheap,,,14/08/2026 21:33
cf1fead5-85f2-4902-95a2-cd18c280416f,berkeley.work,premium,53.92,11.8,high,low,8,namesilo,,,23/09/2026 09:32
d51e0352-eb03-4afe-a1db-925b4c5c7154,restaurant.work,premium,3450,11.8,high,low,10,namesilo,,,29/09/2026 08:14
5aa2d3df-1c77-479c-90ce-604f253fc6c6,economics.work,premium,550,10.92,high,low,9,dynadot,,,28/09/2026 19:02
99ebd19e-3575-40de-8f5f-4565efa01f3d,finley.work,premium,25.5,,high,low,6,unstoppable,,,28/09/2026 04:02
af574c1e-090a-4da3-86db-5121e2b6e659,amberbell.work,available,2.99,12.99,medium,low,9,namesilo,,,18/09/2026 16:32
6451c58c-97e0-4c3e-b6ab-4550841a4f3b,staggering.work,available,2.98,17.98,medium,low,10,namecheap,,,10/09/2026 18:08
c49a3525-7c16-4b9d-8f09-1557dd66e8b9,proposition.work,available,1.75,10.58,high,low,11,spaceship,,,28/09/2026 03:24
11a8de6c-7197-4122-a54f-e5cc82de4d2f,errorless.work,available,2.98,17.98,medium,low,9,namecheap,,,17/08/2026 13:01
44e82e5d-cabe-4c77-907f-2f6ef2d705f5,gunfire.work,available,1.75,10.58,medium,low,7,spaceship,,,28/09/2026 19:24
15886daa-d8ab-45e8-a93d-23c18d0de42c,uneasy.work,available,2.98,17.98,medium,low,6,namecheap,,,21/08/2026 19:45
339ff143-433b-4dbb-9d0a-5b41a5a67732,refuse.work,premium,1300,13,medium,low,6,namecheap,,,27/09/2026 02:42
47c30f29-f16c-4dc5-8fd4-dae502c1d24a,instances.work,available,2.99,12.99,medium,low,9,namesilo,,,30/09/2026 23:59
8fbd8455-5a35-4734-8cfb-72d7bfe244de,seasonally.work,available,2.98,17.98,medium,low,10,namecheap,,,16/09/2026 00:48
24a6ae21-7386-417d-a82c-c6ff0d3bd703,anchorage.work,premium,3450,11.8,high,low,9,namesilo,,,19/09/2026 03:43
a30bb0d1-e317-419a-af4b-bfccc4e079e8,sloshed.work,available,2.98,17.98,low,low,7,namecheap,,,09/08/2026 15:48
09d792ee-7a8b-4c71-934c-7603f8b6cc5f,tournament.work,available,2.99,12.99,high,low,10,namesilo,,,27/09/2026 05:49
2b670d7e-42bc-4e10-986e-aedaa5ce102c,nutritive.work,available,2.98,17.98,high,low,9,namecheap,,,08/09/2026 09:04
1da718df-e393-4ebd-97a8-0d71f3fa27a0,residents.work,premium,50.5,,low,low,9,unstoppable,,,28/09/2026 09:00
5bf8f592-0c58-4d5d-83ee-f7cd33cd0037,collapses.work,available,2.99,12.99,low,low,9,namesilo,,,20/09/2026 09:36
a2972872-4c85-4b9c-82db-d49177336e54,walking.work,premium,110,10.92,high,low,7,dynadot,,,28/09/2026 10:16
e9cad0df-8c18-4d04-b5a4-1aed7df83361,budapest.work,premium,302.5,11.8,high,low,8,namesilo,,,29/09/2026 11:48
63389188-78ab-4c86-adeb-76c5a4b3281c,bulls.work,premium,181.33,10.55,high,low,5,spaceship,,,28/09/2026 07:33
b97bc1d8-e3a2-4217-acab-d66f048512a6,vivacious.work,available,2.98,17.98,high,low,9,namecheap,,,13/09/2026 05:07
1e308464-18d0-44d5-ab8a-e0b551552d39,snappy.work,resell,,,high,low,6,"Spaceship, Inc.",19/06/2026 19:16,19/06/2027 19:16,26/09/2026 09:06
b5d7362c-9e5a-4fb8-b7eb-480e5c52aad0,portholes.work,available,2.99,12.99,low,low,9,namesilo,,,19/09/2026 21:54
5de6f949-571a-442f-9c24-21a2304bb47c,pellmell.work,available,2.98,17.98,medium,low,9,namecheap,,,21/08/2026 01:07
469a1097-9ddb-493a-ac20-8096362d5653,sudsy.work,available,2.98,17.98,medium,low,5,namecheap,,,22/08/2026 20:37
571d417b-a68d-4b42-9713-677b4a257238,rousseauan.work,available,2.98,17.98,high,medium,10,namecheap,,,09/09/2026 19:09
c6354bcb-ecae-46c3-bb0b-5fc10bcc5fce,vowels.work,available,2.99,12.99,medium,low,6,namesilo,,,20/09/2026 00:07
1f75ac40-99ff-4ba7-bcf8-b5dedbaf35b5,exalted.work,available,2.98,17.98,high,low,7,namecheap,,,17/08/2026 15:38
d877cf19-9e6b-4985-81db-efac19f2e43a,recruitment.work,resell,,,high,low,11,,,,29/09/2026 15:56
ac69b0fa-8d4b-4a40-a28c-713e28b9d6a0,bds.work,premium,517.7,10.55,high,low,3,spaceship,,,30/09/2026 05:27
e101b59d-eaf0-4167-98dc-71b6e8d2be09,pedagogic.work,available,2.98,17.98,medium,low,9,namecheap,,,08/09/2026 12:15
54d6d7dd-2787-4296-8727-775463ea8e54,backstay.work,available,2.99,12.99,medium,low,8,namesilo,,,21/09/2026 16:03
cd3cd20e-a6d0-47fd-a268-6a592ff9f34f,repentant.work,available,2.98,17.98,medium,low,9,namecheap,,,08/09/2026 14:32
e2d2a6ad-775f-4bd8-ae2f-48512f5cb451,ingrained.work,available,2.98,17.98,medium,low,9,namecheap,,,13/08/2026 22:49
2f969e82-a02f-4c84-ae79-adc14d95fef4,surmise.work,available,2.98,17.98,high,low,7,namecheap,,,11/09/2026 04:51
e3d9db9a-604c-47a5-9ca8-aaf791ea7a38,eight.work,premium,3450,11.8,high,low,5,namesilo,,,21/09/2026 13:20
7b98968e-b3ce-491d-b368-74fbc8ab71bb,beanie.work,available,2.98,17.98,high,low,6,namecheap,,,22/09/2026 20:31
d932400f-1c65-40b4-84a6-67e639ea95a4,arbutus.work,premium,29.5,11.8,medium,low,7,namesilo,,,20/09/2026 01:01
e0dc3b56-0ac7-463a-b97a-e942e415a390,lichens.work,available,2.99,12.99,low,low,7,namesilo,,,29/09/2026 05:48
dc014d54-798e-48a6-879a-13d69d1338db,invites.work,premium,103.7,10.55,medium,low,7,spaceship,,,29/09/2026 11:26
e01da655-b308-4c4b-9ff0-aabd679b6541,simplistic.work,available,2.98,17.98,high,medium,10,namecheap,,,10/09/2026 08:16
21d1df2e-6583-4820-9de0-1983886c3cb8,taxa.work,available,2.99,12.99,medium,low,4,namesilo,,,25/09/2026 17:29
b8930118-a687-4dc6-854d-4c1d13a6e93b,forgetful.work,available,2.98,17.98,medium,low,9,namecheap,,,18/08/2026 11:56
6ae5bca4-8fa8-4148-80a9-2375cbf12948,morality.work,available,2.99,12.99,medium,low,8,namesilo,,,28/09/2026 09:42
9fbdfd6e-556c-4a28-9484-e9b88e944dc5,reunions.work,available,2.99,12.99,medium,low,8,namesilo,,,21/09/2026 08:16
8e5b3a10-7416-4bb1-a0a0-8e384ebbeb12,vacuum.work,premium,53.92,11.8,high,low,6,namesilo,,,29/09/2026 23:00
ec959705-2304-44fb-96a1-67dc08df0566,dealing.work,premium,116,11.8,high,low,7,namesilo,,,25/09/2026 04:50
743c6024-dbf4-4f53-ac38-17ca5c76afca,azo.work,premium,302.5,11.8,high,low,3,namesilo,,,08/08/2026 02:17
6743b9c5-5ac9-4ee6-97ea-5f5162476e40,fewer.work,premium,224,11.8,medium,low,5,namesilo,,,24/09/2026 17:41
5a6c3535-e496-4e34-a295-1dac51a9409e,asteroidea.work,available,2.99,12.99,medium,low,10,namesilo,,,20/09/2026 17:14
f9bcf0b8-b555-49b0-989b-3ffbc03d3ba0,laredo.work,premium,25.5,,medium,low,6,unstoppable,,,28/09/2026 19:41
513a2c2b-e120-413f-b51a-31da4d587979,laptops.work,premium,302.5,11.8,medium,low,7,namesilo,,,20/09/2026 12:33
f82fb82a-a3f8-4844-99d1-ae7016022852,depends.work,available,2.98,17.98,medium,low,7,namecheap,,,25/09/2026 20:36
78f4956f-e633-4f81-8d01-ab41cf358283,triclinic.work,available,2.98,17.98,medium,low,9,namecheap,,,
9ee2a2e5-89ad-4dc2-a6b3-fbd67ed7ff24,sfc.work,premium,258.95,10.55,high,low,3,spaceship,,,30/09/2026 20:58
2a6cb24d-c840-40a6-b18b-75eff8e57ebd,establishing.work,available,10.2,10.2,high,low,12,cloudflare,,,29/09/2026 21:01
5dbedbce-b767-4913-82d6-41297ec1a65e,deemed.work,available,14,,high,low,6,unstoppable,,,29/09/2026 23:04
7bd8d8ab-a2d9-4730-b82b-332953fe1507,sorcerer.work,available,10.2,10.2,high,low,8,cloudflare,,,02/10/2026 05:56
acf8bae3-e131-453c-a9f6-547faab3406b,interrogation.work,available,14,,medium,low,13,unstoppable,,,28/09/2026 08:22
9fc230cc-beeb-4bd5-82a5-81fac32cee59,hasty.work,available,2.98,17.98,medium,low,5,namecheap,,,21/08/2026 01:15
c9c459de-05ee-4940-901c-27a2e9980ccd,schreiber.work,premium,110,10.92,high,low,9,dynadot,,,29/09/2026 15:36
499e37f0-26fa-4d48-9232-82739e12715b,steroids.work,available,2.98,17.98,medium,low,8,namecheap,,,19/09/2026 19:38
56789b9b-e688-4b11-8053-e94c3a5b8ec2,jur.work,premium,275,10.92,medium,low,3,dynadot,,,30/09/2026 04:32
2e6d7c18-62e1-4f22-a114-eafe277412d8,seams.work,available,1.75,10.58,medium,low,5,spaceship,,,02/10/2026 03:30
782f3a28-aa48-4193-b1ea-ac3f6260a566,cucumbers.work,available,2.99,12.99,high,low,9,namesilo,,,20/09/2026 10:05
e42ef27b-1bf0-49b0-beb1-502a11fc180f,uphill.work,available,2.98,17.98,medium,low,6,namecheap,,,
b2ebf64a-69ba-487d-969d-c7b3c076ca55,inutile.work,available,2.98,17.98,medium,low,7,namecheap,,,22/08/2026 08:54
93494ac7-96b5-4fc6-8b52-31191734b73c,purulent.work,available,2.98,17.98,high,medium,8,namecheap,,,09/09/2026 06:30
2bb2af03-94a7-4402-aeeb-58a76d841678,picasso.work,premium,258.95,10.55,high,low,7,spaceship,,,28/09/2026 20:04
f5f1403f-9810-49cc-868b-60f6086657f2,mindful.work,resell,,,high,low,7,Xin Net Technology Corporation,16/08/2022 00:00,16/08/2027 00:00,26/09/2026 07:33
288d5038-6d8d-4530-9ff9-7f686e2676a4,newsstand.work,available,2.99,12.99,medium,low,10,namesilo,,,17/09/2026 05:46
dbc1e9f5-8989-43c3-a30d-6ccfb153ea3d,ambuscade.work,available,2.98,17.98,medium,low,9,namecheap,,,24/08/2026 12:31
61e6862d-8f9e-4e6d-9397-96afe783c15d,spareribs.work,available,2.99,12.99,high,low,9,namesilo,,,22/09/2026 04:41
c1f5f299-12b3-489c-aed6-878726f45948,obnoxious.work,available,2.98,17.98,medium,low,9,namecheap,,,03/09/2026 23:32
cf88548a-876f-4bf0-9237-ccfe70de2637,merciless.work,available,2.98,17.98,medium,low,9,namecheap,,,24/08/2026 20:36
1fcfe7aa-04f8-4991-af0e-b33f4a3bebd5,unread.work,available,2.98,17.98,medium,low,6,namecheap,,,12/09/2026 17:51
6791f6fa-fd68-42b1-b40f-758ded38c837,greatest.work,resell,,,high,low,8,"Spaceship, Inc.",30/06/2026 19:30,30/06/2027 19:30,26/09/2026 06:29
40414236-051f-42d1-9ae2-bf4a8296dcf0,itinerary.work,available,2.98,17.98,high,low,9,namecheap,,,01/10/2026 20:07
bf7a533b-14ad-4620-80f9-d6dc5ec83385,humongous.work,available,2.98,17.98,medium,low,9,namecheap,,,08/08/2026 12:58
50b63997-e6e1-4544-8f8e-235890f7121c,scholarships.work,available,2.99,12.99,high,low,12,namesilo,,,30/09/2026 07:48
02c829eb-b1d1-4ea5-b2b2-87761ed19e92,asarum.work,available,2.99,12.99,medium,low,6,namesilo,,,20/09/2026 12:52
b0faccef-8254-413c-bc8d-2f86c608c6c1,wages.work,premium,302.5,11.8,high,low,5,namesilo,,,30/09/2026 10:15
09d85b41-98d2-42ea-bd12-062db2b4a6cd,nam.work,premium,1107,11.8,high,low,3,namesilo,,,28/09/2026 16:26
014f8b67-7837-4192-bf85-3c5ca384e4fb,natality.work,available,2.98,17.98,medium,low,8,namecheap,,,23/09/2026 21:04
5ed2c80a-7f03-4010-8180-959595f25f09,nativity.work,available,14,,medium,low,8,unstoppable,,,02/10/2026 05:56
6f092555-9cf0-47a3-8706-b6cf9a201919,susquehanna.work,available,2.99,12.99,medium,low,11,namesilo,,,27/09/2026 01:59
9463431a-60d5-4242-a3ed-8112c1480b2c,zapotec.work,available,2.98,17.98,high,low,7,namecheap,,,13/09/2026 15:07
ef943df9-f742-4d29-9874-136bca26018a,majorities.work,available,2.98,17.98,low,low,10,namecheap,,,29/09/2026 05:40
74e58fbf-cec4-4993-b4d2-bdbcffc5bcc0,snarled.work,available,2.98,17.98,high,medium,7,namecheap,,,10/09/2026 12:19
2b07d7f0-c97e-4861-9c32-8cf2ab546afd,athene.work,resell,,,high,low,6,"Spaceship, Inc.",19/09/2026 19:24,19/09/2027 19:24,26/09/2026 04:06
a7a41ad9-9e90-42b3-9a81-425de23ca9e1,meddlesome.work,available,2.98,17.98,medium,low,10,namecheap,,,11/08/2026 11:23
feeb5c32-608b-4404-a41e-3ff299a79c6d,itching.work,available,2.99,19.99,medium,low,7,godaddy,,,30/09/2026 02:03
d46a0811-80ae-4e8b-8b03-5d0f9da3d23c,benzoin.work,available,2.98,17.98,medium,low,7,namecheap,,,20/09/2026 12:33
dc4bd990-c7f2-4fb6-b845-f183ab5f8af0,antoinette.work,premium,103.7,10.55,medium,low,10,spaceship,,,01/10/2026 08:30
132169d6-9f5a-4719-b142-29164842c8a5,avocet.work,available,2.99,12.99,medium,low,6,namesilo,,,21/09/2026 09:44
73184503-ef0a-411b-8352-609fd10e115e,cetaceous.work,available,2.98,17.98,medium,low,9,namecheap,,,12/08/2026 01:04
5f582b17-846e-4404-8ddc-1abcf89c9915,aborted.work,available,2.99,12.99,medium,low,7,namesilo,,,01/10/2026 12:58
4bc12bc1-75e2-49e4-8f53-faaf6c9571f0,swallowed.work,available,10.2,10.2,low,low,9,cloudflare,,,28/09/2026 23:16
cf8a44c7-c675-4d71-b975-b4732369ee2f,equid.work,available,2.98,17.98,medium,low,5,namecheap,,,17/08/2026 11:47
203b0769-b254-4558-b136-31a44d95cf50,segmented.work,available,2.98,17.98,medium,low,9,namecheap,,,24/08/2026 21:43
f63265f7-cb1e-4fc6-9858-eea16d2c67e6,condensed.work,available,2.99,12.99,medium,low,9,namesilo,,,01/10/2026 06:05
35171223-6a28-48bc-bbee-310d53822bc0,broken.work,premium,1300,13,high,low,6,namecheap,,,23/09/2026 09:56
51936753-f58d-424a-ad54-8f74f22fdd25,dogmatism.work,available,2.99,12.99,medium,low,9,namesilo,,,23/09/2026 15:23
693a40a9-ba6e-4f8e-a4bc-9d753cd6cfb8,aetna.work,available,10.2,10.2,high,low,5,cloudflare,,,30/09/2026 21:49
1e6f25a0-50d5-4dc5-9765-fd45bc6e6e5d,utica.work,available,10.2,10.2,medium,low,5,cloudflare,,,27/09/2026 16:08
4bb8b6d1-1b87-42af-945a-61b4c558e1e8,yen.work,premium,302.5,11.8,high,low,3,namesilo,,,29/09/2026 07:09
35fda2b6-4065-456c-a1ae-614b88016e21,frayed.work,available,2.98,17.98,medium,low,6,namecheap,,,18/08/2026 14:25
4d40f2f0-a5cc-4053-9b82-d98b4517831f,seditious.work,available,2.98,17.98,medium,low,9,namecheap,,,22/08/2026 01:29
294730f7-5c41-4b9b-b40e-f57346452e0a,acyl.work,available,2.98,17.98,medium,low,4,namecheap,,,17/09/2026 05:49
c9c5aff4-a3af-4280-b8ed-035fbce5b004,sawmill.work,available,2.99,12.99,high,low,7,namesilo,,,02/10/2026 05:40
1d580c33-b7e4-46e2-a739-a85322bf24d2,agapanthus.work,available,2.99,12.99,medium,low,10,namesilo,,,17/09/2026 16:11
d5ce939b-b8b2-45ce-97f8-f52c0cd1bb45,syllabled.work,available,2.98,17.98,medium,low,9,namecheap,,,11/09/2026 06:00
9a266f6e-84de-4cbb-8198-62b1e051e7f3,products.work,premium,302.5,11.8,high,low,8,namesilo,,,08/09/2026 11:31
ac276b6a-6432-43b8-8781-f8ffb9b5b29e,alosa.work,available,2.99,12.99,medium,low,5,namesilo,,,18/09/2026 13:26
bc7f764c-536d-4310-b51a-7fd2461f8bbe,mariah.work,available,1.75,10.58,high,low,6,spaceship,,,30/09/2026 04:14
0bf52fff-0b15-4fe4-83eb-3e5fdb56ae11,physique.work,available,1.75,10.58,high,low,8,spaceship,,,01/10/2026 18:42
328f17a2-ad43-4a76-9197-5d3cbdde1547,organization.work,premium,25.5,11.8,high,low,12,unstoppable,,,30/09/2026 13:36
50862ab0-a04e-4ceb-b877-24c7eb928d8c,noses.work,available,2.98,17.98,medium,low,5,namecheap,,,20/09/2026 03:44
5dc3aa6e-d854-486b-9149-61847c2ccd36,absurdity.work,available,2.99,12.99,medium,low,9,namesilo,,,16/09/2026 18:39
ffe2ebd3-2ab6-4b96-9f14-04fa3336cafa,allylic.work,available,2.98,17.98,medium,low,7,namecheap,,,
b28c88bc-1876-4b78-a1e0-b8bc31e5305c,bette.work,premium,224,11.8,medium,low,5,namesilo,,,29/09/2026 15:28
f62e04ff-20d6-4b6c-b0c1-00da9ff04766,antiquary.work,available,2.98,17.98,medium,low,9,namecheap,,,
2a01e675-3925-43b4-b6bc-93a7d1decdc3,brisbane.work,premium,,,high,low,8,,,,01/10/2026 01:13
0d4a9909-5203-4811-b537-859db3e65662,gayly.work,available,2.98,17.98,medium,low,5,namecheap,,,14/09/2026 00:29
3e047e7a-d785-48ee-af4e-8f8679da0cf8,dragging.work,available,2.98,17.98,high,low,8,namecheap,,,14/08/2026 18:16
20f2930f-110e-47ef-ab22-95a9afb46898,fry.work,premium,302.5,11.8,high,low,3,namesilo,,,25/08/2026 00:16
e173d6cf-37d4-4888-885e-361db2624915,remarkably.work,available,2.98,17.98,medium,low,10,namecheap,,,15/09/2026 23:06
bfcdad19-5df9-4100-94a3-f707465cf84f,fairish.work,available,2.98,17.98,medium,low,7,namecheap,,,17/08/2026 21:12
1a18df3a-0496-430f-92c6-7795b934fcf0,remembers.work,available,1.75,10.58,medium,low,9,spaceship,,,28/09/2026 00:17
6b9c374b-1fcc-4559-b826-72064880bbf0,lawns.work,available,2.99,12.99,medium,low,5,namesilo,,,02/10/2026 03:26
e9522ad5-444c-43ca-9afb-25a618d7e26f,commemorative.work,available,14,,medium,low,13,unstoppable,,,01/10/2026 06:13
44f189a6-a9ce-43ea-8375-e1f4621cad04,institutions.work,available,10.2,10.2,medium,low,12,cloudflare,,,29/09/2026 16:24
44e5c2e5-f04f-4a1f-834d-f901d28e379c,hemophilia.work,available,2.99,12.99,medium,low,10,namesilo,,,24/09/2026 05:26
aee997d1-3591-48b8-9dfb-1fbcc0214778,carry.work,premium,2587.7,10.55,high,low,5,spaceship,,,28/09/2026 00:56
67e4c988-36e9-42d6-9d57-025acc2d1d79,climbs.work,available,2.99,12.99,medium,low,6,namesilo,,,30/09/2026 15:59
c79fb856-6502-4b85-80a1-9c9e16e3951c,floating.work,resell,,,high,low,8,"Spaceship, Inc.",16/07/2026 19:48,16/07/2027 19:48,26/09/2026 06:08
dd09b366-3c33-4866-b394-c61649ef561d,hmong.work,available,2.98,17.98,high,low,5,namecheap,,,21/08/2026 10:02
45bf5799-d33e-411c-ac84-b3a1d9e90a28,recusant.work,available,2.98,17.98,medium,low,8,namecheap,,,14/08/2026 12:28
2c39c366-04c3-4967-8c3a-24024f878e92,diminuendo.work,available,2.98,17.98,medium,low,10,namecheap,,,13/08/2026 22:19
91176810-ec91-4af8-84fa-4e505b2c0cab,bulbous.work,available,2.98,17.98,medium,low,7,namecheap,,,09/08/2026 13:39
80d56c31-0811-4a85-a8b1-38dd77e5cafb,caesarean.work,available,2.98,17.98,medium,low,9,namecheap,,,11/08/2026 13:05
fd790a0f-3633-4c7d-9740-88e68cbd2587,albuquerque.work,premium,1035.2,10.55,medium,low,11,spaceship,,,29/09/2026 05:43
dc097553-a5bc-45e6-aa5b-2aff5294851b,mena.work,premium,227.5,13,high,low,4,namecheap,,,29/09/2026 22:04
0a23392d-9aa2-4569-9c80-5cb2f8354349,ardisia.work,available,2.98,17.98,medium,low,7,namecheap,,,20/09/2026 03:10
7cec293e-57b9-44e3-a46a-395c208ea8f9,ragamuffin.work,available,2.98,17.98,medium,low,10,namecheap,,,11/09/2026 09:09
c2cdce3b-f567-4105-aafd-54d45704fc76,anhinga.work,available,2.99,12.99,medium,low,7,namesilo,,,19/09/2026 08:18
2a59ba2b-d1f9-4e04-96fa-130d7ac58597,audiometer.work,available,2.99,12.99,medium,low,10,namesilo,,,21/09/2026 02:58
c30ca1b0-7afc-44a1-9bd3-7d2eb1306a3f,discredit.work,available,10.2,10.2,high,low,9,cloudflare,,,29/09/2026 15:37
7a139aa3-13f4-4511-aa5d-b3d0f0e5e284,delightful.work,premium,640,11.8,high,low,10,namesilo,,,24/09/2026 05:38
1dcbbba7-24a2-42d1-9aca-12d8873cba9d,azactam.work,available,16.99,16.99,medium,low,7,name.com,,,21/09/2026 10:59
1dc11820-da82-4c31-840e-639fcfb99cfe,amsonia.work,available,2.99,12.99,medium,low,7,namesilo,,,19/09/2026 00:00
de2c0b6d-f590-4841-81d3-5d59309780ed,cerise.work,available,2.98,17.98,medium,low,6,namecheap,,,10/08/2026 15:04
f257029a-d9a2-41e8-b53f-31304f2c9411,adolphe.work,available,10.92,10.92,medium,low,7,dynadot,,,30/09/2026 00:25
cc7f44ac-7c8c-42af-b265-b6b4f866dd39,drilled.work,available,2.98,17.98,medium,low,7,namecheap,,,14/08/2026 19:21
fb8e8c4e-4ddf-494d-a42c-677ad5d36c7a,suppliant.work,available,2.98,17.98,medium,low,9,namecheap,,,11/09/2026 02:30
52a61981-8446-4637-882e-b215f76e44b4,finnish.work,premium,116,11.8,high,low,7,namesilo,,,18/08/2026 05:03
f7a53955-b9fa-4f26-9eda-027b3273dba4,centrally.work,available,2.98,17.98,medium,low,9,namecheap,,,14/09/2026 06:13
092f133c-5145-4a23-849d-6b2fbb55e203,regulation.work,available,2.98,17.98,high,low,10,namecheap,,,09/09/2026 13:07
648d554e-53ac-49f3-ab00-8b48a16c5353,wrongful.work,available,1.75,10.58,medium,low,8,spaceship,,,28/09/2026 11:11
89c6ddbe-f8b0-4099-8480-46015f3933c2,carnegie.work,premium,29.5,11.8,high,low,8,namesilo,,,19/09/2026 04:42
578d59fa-1e02-440c-b3ba-b64bc83488d8,thieves.work,available,2.99,12.99,medium,low,7,namesilo,,,16/09/2026 11:41
e109b2b1-566d-45c7-a7b2-3ca1ffef3a94,weinstein.work,available,2.99,12.99,high,low,9,namesilo,,,28/09/2026 07:31
0729476d-73c3-43b0-8dc0-86b68f8c1d6f,sprint.work,resell,,,high,medium,6,,,,29/09/2026 20:27
846fd366-ef7f-47fa-8b57-6659aca65d03,tined.work,available,2.98,17.98,medium,low,5,namecheap,,,09/09/2026 03:20
eac37a47-a9d8-42ce-9dd6-1c6615232f69,russia.work,resell,,,high,medium,6,"Chengdu West Dimension Digital Technology Co., Ltd.",12/04/2023 01:15,12/04/2027 01:15,30/09/2026 10:26
f3c7f408-d9be-4b2f-b0dd-49e92f79a92d,imagined.work,available,2.99,12.99,high,low,8,namesilo,,,27/09/2026 09:43
1d3d2ab0-e74a-45f1-9b1e-7d2ff82b2f27,programme.work,available,2.99,12.99,high,low,9,namesilo,,,24/09/2026 16:59
239d0a8f-dc89-495e-973a-341482523eeb,rim.work,premium,3450,11.8,high,low,3,namesilo,,,24/09/2026 10:31
ad5f383d-3d44-4e35-8e49-1db13acdda5c,ahimsa.work,available,2.98,17.98,high,low,6,namecheap,,,17/09/2026 20:23
54da45b1-a296-4628-bd02-9cd4fed0db10,memorise.work,available,1.75,10.58,high,low,8,spaceship,,,30/09/2026 20:33
b853280c-8fe6-4d37-9fc0-f937edee0ff1,sides.work,premium,65,13,medium,low,5,namecheap,,,17/09/2026 23:26
8bc12ab8-db75-45e9-964f-c22025306395,aged.work,premium,218.75,16.99,high,low,4,name.com,,,21/09/2026 22:26
ba030301-735c-4f0f-9a7d-b05757d8d5c1,bindweed.work,available,2.98,17.98,medium,low,8,namecheap,,,23/09/2026 17:12
c4eb329a-0892-44ee-a879-f32d709e9723,interruption.work,available,1.75,10.58,medium,low,12,spaceship,,,29/09/2026 15:58
b74671fe-5044-4c29-a26a-da922e5444a9,radiate.work,premium,116,11.8,high,low,7,namesilo,,,09/09/2026 09:40
2f2b64e6-f4fc-42f4-ba0d-250191d5fe2f,excluding.work,available,2.99,12.99,medium,low,9,namesilo,,,30/09/2026 03:59
787e305b-af24-4475-b3d4-0c2a3cd2ffe0,ammo.work,premium,6900,11.8,high,low,4,namesilo,,,18/09/2026 22:06
14860828-6e55-4826-8789-4b17d864730c,prentiss.work,available,2.99,12.99,medium,low,8,namesilo,,,30/09/2026 22:09
a4bf8d74-92e5-4596-8092-56b45e1288ee,babylonia.work,available,2.99,12.99,high,low,9,namesilo,,,21/09/2026 13:51
b9fb5be0-f702-4df0-be41-91f2ac62a597,mined.work,available,2.98,17.98,medium,low,5,namecheap,,,24/08/2026 23:40
f30bb3fd-5936-420f-b519-49bff93c7277,gerber.work,premium,130,13,high,low,6,namecheap,,,29/09/2026 09:42
faf3f168-393f-4e7c-8362-b61f0cf38d36,canola.work,available,16.99,16.99,high,low,6,name.com,,,24/09/2026 12:06
2072e436-47c7-4b6b-a096-e3fc15157074,dollarfish.work,available,2.98,17.98,medium,low,10,namecheap,,,20/09/2026 21:42
ddbd55a6-f6f9-45f6-b152-c0b04bfc357b,jig.work,premium,2500.5,,high,low,3,unstoppable,,,01/10/2026 19:47
499d6643-ff3d-48c8-94c6-36f7dd50c4b9,concerts.work,premium,65,13,high,low,8,namecheap,,,20/09/2026 13:34
41672be5-7579-4d39-a24c-de756c160ced,startled.work,available,2.98,17.98,medium,low,8,namecheap,,,10/09/2026 19:00
a27f7be8-ac11-4c9f-8eb2-85cbd044a4a3,mithraic.work,available,2.98,17.98,medium,low,8,namecheap,,,25/08/2026 01:58
3df7940c-18e9-468a-b309-4a7a7f6ace4c,phones.work,premium,302.5,11.8,high,low,6,namesilo,,,20/09/2026 09:31
107ffdd6-3ef2-4f21-b52d-603539135552,arrogance.work,available,2.99,12.99,high,low,9,namesilo,,,20/09/2026 09:19